timestamp,onboard_control_sensors_present,onboard_control_sensors_enabled,onboard_control_sensors_health,nav_state,arming_state,hil_state,failsafe,system_type,system_id,component_id,is_rotary_wing,is_vtol,vtol_fw_permanent_stab,in_transition_mode,in_transition_to_fw,rc_signal_lost,rc_input_mode,data_link_lost,high_latency_data_link_active,data_link_lost_counter,engine_failure,mission_failure
6235842,917551,2162703,917551,0,1,0,0,2,1,1,1,0,0,0,0,1,0,0,0,0,0,0
7240773,3014703,2162703,3014703,0,1,0,0,2,1,1,1,0,0,0,0,1,0,0,0,0,0,0
8248770,3014703,2162703,3014703,0,1,0,0,2,1,1,1,0,0,0,0,1,0,0,0,0,0,0
9252834,3014703,2162703,3014703,0,1,0,0,2,1,1,1,0,0,0,0,1,0,0,0,0,0,0
10257771,3014703,2162703,3014703,0,1,0,0,2,1,1,1,0,0,0,0,1,0,0,0,0,0,0
11261189,3014703,2162703,3014703,0,1,0,0,2,1,1,1,0,0,0,0,1,0,0,0,0,0,0
12261757,3014703,2162703,3014703,0,1,0,0,2,1,1,1,0,0,0,0,1,0,0,0,0,0,0
13263073,3014703,2162703,3014703,0,1,0,0,2,1,1,1,0,0,0,0,1,0,0,0,0,0,0
14266747,3014703,2162703,3014703,0,1,0,0,2,1,1,1,0,0,0,0,1,0,0,0,0,0,0
15268147,3014703,2162703,3014703,0,1,0,0,2,1,1,1,0,0,0,0,1,0,0,0,0,0,0
16268938,3014703,2162703,3014703,0,1,0,0,2,1,1,1,0,0,0,0,1,0,0,0,0,0,0
17269807,3014703,2162703,3014703,0,1,0,0,2,1,1,1,0,0,0,0,1,0,0,0,0,0,0
18271750,3014703,2162703,3014703,0,1,0,0,2,1,1,1,0,0,0,0,1,0,0,0,0,0,0
19272788,3014703,2162703,3014703,0,1,0,0,2,1,1,1,0,0,0,0,1,0,0,0,0,0,0
20277727,3014703,2162703,3014703,0,1,0,0,2,1,1,1,0,0,0,0,1,0,0,0,0,0,0
21280720,3014703,2162703,3014703,0,1,0,0,2,1,1,1,0,0,0,0,1,0,0,0,0,0,0
22281795,3014703,2162703,3014703,0,1,0,0,2,1,1,1,0,0,0,0,1,0,0,0,0,0,0
23283884,3014703,2162703,3014703,0,1,0,0,2,1,1,1,0,0,0,0,1,0,0,0,0,0,0
24284777,3014703,2162703,3014703,0,1,0,0,2,1,1,1,0,0,0,0,1,0,0,0,0,0,0
25285719,3014703,2162703,3014703,0,1,0,0,2,1,1,1,0,0,0,0,1,0,0,0,0,0,0
26286718,3014703,2162703,3014703,0,1,0,0,2,1,1,1,0,0,0,0,1,0,0,0,0,0,0
27289772,3014703,2162703,3014703,0,1,0,0,2,1,1,1,0,0,0,0,1,0,0,0,0,0,0
28290805,3014703,2162703,3014703,0,1,0,0,2,1,1,1,0,0,0,0,1,0,0,0,0,0,0
29291748,3014703,2162703,3014703,0,1,0,0,2,1,1,1,0,0,0,0,1,0,0,0,0,0,0
30293886,3014703,2162703,3014703,0,1,0,0,2,1,1,1,0,0,0,0,1,0,0,0,0,0,0
31296142,3014703,2162703,3014703,0,1,0,0,2,1,1,1,0,0,0,0,1,0,0,0,0,0,0
32296811,3014703,2162703,3014703,0,1,0,0,2,1,1,1,0,0,0,0,1,0,0,0,0,0,0
33297810,3014703,2162703,3014703,0,1,0,0,2,1,1,1,0,0,0,0,1,0,0,0,0,0,0
34298811,3014703,2162703,3014703,0,1,0,0,2,1,1,1,0,0,0,0,1,0,0,0,0,0,0
35299850,3014703,2162703,3014703,0,1,0,0,2,1,1,1,0,0,0,0,1,0,0,0,0,0,0
36301752,3014703,2162703,3014703,0,1,0,0,2,1,1,1,0,0,0,0,1,0,0,0,0,0,0
37303832,3014703,2162703,3014703,0,1,0,0,2,1,1,1,0,0,0,0,1,0,0,0,0,0,0
38304896,3014703,2162703,3014703,0,1,0,0,2,1,1,1,0,0,0,0,1,0,0,0,0,0,0
39306810,3014703,2162703,3014703,0,1,0,0,2,1,1,1,0,0,0,0,1,0,0,0,0,0,0
40307855,3014703,2162703,3014703,0,1,0,0,2,1,1,1,0,0,0,0,1,0,0,0,0,0,0
41309835,3014703,2162703,3014703,0,1,0,0,2,1,1,1,0,0,0,0,1,0,0,0,0,0,0
42310758,3014703,2162703,3014703,0,1,0,0,2,1,1,1,0,0,0,0,1,0,0,0,0,0,0
43313756,3014703,2162703,3014703,0,1,0,0,2,1,1,1,0,0,0,0,1,0,0,0,0,0,0
44316302,3014703,2162703,3014703,0,1,0,0,2,1,1,1,0,0,0,0,1,0,0,0,0,0,0
45317022,3014703,2162703,3014703,0,1,0,0,2,1,1,1,0,0,0,0,1,0,0,0,0,0,0
46317793,3014703,2162703,3014703,0,1,0,0,2,1,1,1,0,0,0,0,1,0,0,0,0,0,0
47321777,3014703,2162703,3014703,0,1,0,0,2,1,1,1,0,0,0,0,1,0,0,0,0,0,0
48323842,3014703,2162703,3014703,0,1,0,0,2,1,1,1,0,0,0,0,1,0,0,0,0,0,0
49324877,3014703,2162703,3014703,0,1,0,0,2,1,1,1,0,0,0,0,1,0,0,0,0,0,0
50326721,3014703,2162703,3014703,0,1,0,0,2,1,1,1,0,0,0,0,1,0,0,0,0,0,0
51329151,3014703,2162703,3014703,0,1,0,0,2,1,1,1,0,0,0,0,1,0,0,0,0,0,0
52329850,3014703,2162703,3014703,0,1,0,0,2,1,1,1,0,0,0,0,1,0,0,0,0,0,0
53331745,3014703,2162703,3014703,0,1,0,0,2,1,1,1,0,0,0,0,1,0,0,0,0,0,0
54334774,3014703,2162703,3014703,0,1,0,0,2,1,1,1,0,0,0,0,1,0,0,0,0,0,0
55341794,3014703,2162703,3014703,0,1,0,0,2,1,1,1,0,0,0,0,1,0,0,0,0,0,0
56349447,3014703,2162703,3014703,0,1,0,0,2,1,1,1,0,0,0,0,1,0,0,0,0,0,0
57350759,3014703,2162703,3014703,0,1,0,0,2,1,1,1,0,0,0,0,1,0,0,0,0,0,0
57582654,3014703,2162703,3014703,0,1,0,0,2,1,1,1,0,0,0,0,1,0,0,0,0,0,0
58585762,3014703,2162703,3014703,0,1,0,0,2,1,1,1,0,0,0,0,1,0,0,0,0,0,0
58596758,3014703,2162703,3014703,0,1,0,0,2,1,1,1,0,0,0,0,1,0,0,0,0,0,0
58607905,3014703,2162703,3014703,0,1,0,0,2,1,1,1,0,0,0,0,1,0,0,0,0,0,0
58618966,3014703,2162703,3014703,4,1,0,0,2,1,1,1,0,0,0,0,1,0,0,0,0,0,0
59620771,3014703,2162703,3014703,4,1,0,0,2,1,1,1,0,0,0,0,1,0,0,0,0,0,0
60630727,3014703,2162703,3014703,4,1,0,0,2,1,1,1,0,0,0,0,1,0,0,0,0,0,0
61638772,3014703,2162703,3014703,4,1,0,0,2,1,1,1,0,0,0,0,1,0,0,0,0,0,0
62641662,3014703,2162703,3014703,4,1,0,0,2,1,1,1,0,0,0,0,1,0,0,0,0,0,0
63651753,3014703,2162703,3014703,4,1,0,0,2,1,1,1,0,0,0,0,1,0,0,0,0,0,0
64655916,3014703,2162703,3014703,4,1,0,0,2,1,1,1,0,0,0,0,1,0,0,0,0,0,0
65662750,3014703,2162703,3014703,4,1,0,0,2,1,1,1,0,0,0,0,1,0,0,0,0,0,0
66672903,3014703,2162703,3014703,4,1,0,0,2,1,1,1,0,0,0,0,1,0,0,0,0,0,0
67681503,3014703,2162703,3014703,4,1,0,0,2,1,1,1,0,0,0,0,1,0,0,0,0,0,0
68684832,3014703,2162703,3014703,4,1,0,0,2,1,1,1,0,0,0,0,1,0,0,0,0,0,0
69688751,3014703,2162703,3014703,4,1,0,0,2,1,1,1,0,0,0,0,1,0,0,0,0,0,0
70691829,3014703,2162703,3014703,4,1,0,0,2,1,1,1,0,0,0,0,1,0,0,0,0,0,0
71696828,3014703,2162703,3014703,4,1,0,0,2,1,1,1,0,0,0,0,1,0,0,0,0,0,0
72705041,3014703,2162703,3014703,4,1,0,0,2,1,1,1,0,0,0,0,1,0,0,0,0,0,0
73709779,3014703,2162703,3014703,4,1,0,0,2,1,1,1,0,0,0,0,1,0,0,0,0,0,0
74712824,3014703,2162703,3014703,4,1,0,0,2,1,1,1,0,0,0,0,1,0,0,0,0,0,0
75723359,3014703,2162703,3014703,4,1,0,0,2,1,1,1,0,0,0,0,1,0,0,0,0,0,0
76726751,3014703,2162703,3014703,4,1,0,0,2,1,1,1,0,0,0,0,1,0,0,0,0,0,0
77734775,3014703,2162703,3014703,4,1,0,0,2,1,1,1,0,0,0,0,1,0,0,0,0,0,0
78738757,3014703,2162703,3014703,4,1,0,0,2,1,1,1,0,0,0,0,1,0,0,0,0,0,0
79741716,3014703,2162703,3014703,4,1,0,0,2,1,1,1,0,0,0,0,1,0,0,0,0,0,0
80750746,3014703,2162703,3014703,4,1,0,0,2,1,1,1,0,0,0,0,1,0,0,0,0,0,0
81755226,3014703,2162703,3014703,4,1,0,0,2,1,1,1,0,0,0,0,1,0,0,0,0,0,0
82760232,3014703,2162703,3014703,4,1,0,0,2,1,1,1,0,0,0,0,1,0,0,0,0,0,0
83769757,3014703,2162703,3014703,4,1,0,0,2,1,1,1,0,0,0,0,1,0,0,0,0,0,0
84777885,3014703,2162703,3014703,4,1,0,0,2,1,1,1,0,0,0,0,1,0,0,0,0,0,0
85781427,3014703,2162703,3014703,4,1,0,0,2,1,1,1,0,0,0,0,1,0,0,0,0,0,0
86787836,3014703,2162703,3014703,4,1,0,0,2,1,1,1,0,0,0,0,1,0,0,0,0,0,0
87789728,3014703,2162703,3014703,4,1,0,0,2,1,1,1,0,0,0,0,1,0,0,0,0,0,0
88793726,3014703,2162703,3014703,4,1,0,0,2,1,1,1,0,0,0,0,1,0,0,0,0,0,0
89800742,3014703,2162703,3014703,4,1,0,0,2,1,1,1,0,0,0,0,1,0,0,0,0,0,0
90803818,3014703,2162703,3014703,4,1,0,0,2,1,1,1,0,0,0,0,1,0,0,0,0,0,0
91804844,3014703,2162703,3014703,4,1,0,0,2,1,1,1,0,0,0,0,1,0,0,0,0,0,0
92809721,3014703,2162703,3014703,4,1,0,0,2,1,1,1,0,0,0,0,1,0,0,0,0,0,0
93815493,3014703,2162703,3014703,4,1,0,0,2,1,1,1,0,0,0,0,1,0,0,0,0,0,0
94824383,3014703,2162703,3014703,4,1,0,0,2,1,1,1,0,0,0,0,1,0,0,0,0,0,0
95825338,3014703,2162703,3014703,4,1,0,0,2,1,1,1,0,0,0,0,1,0,0,0,0,0,0
96827765,3014703,2162703,3014703,4,1,0,0,2,1,1,1,0,0,0,0,1,0,0,0,0,0,0
97838220,3014703,2162703,3014703,4,1,0,0,2,1,1,1,0,0,0,0,1,0,0,0,0,0,0
98841775,3014703,2162703,3014703,4,1,0,0,2,1,1,1,0,0,0,0,1,0,0,0,0,0,0
99844834,3014703,2162703,3014703,4,1,0,0,2,1,1,1,0,0,0,0,1,0,0,0,0,0,0
100852946,3014703,2162703,3014703,4,1,0,0,2,1,1,1,0,0,0,0,1,0,0,0,0,0,0
101859839,3014703,2162703,3014703,4,1,0,0,2,1,1,1,0,0,0,0,1,0,0,0,0,0,0
102863739,3014703,2162703,3014703,4,1,0,0,2,1,1,1,0,0,0,0,1,0,0,0,0,0,0
103867834,3014703,2162703,3014703,4,1,0,0,2,1,1,1,0,0,0,0,1,0,0,0,0,0,0
104871137,3014703,2162703,3014703,4,1,0,0,2,1,1,1,0,0,0,0,1,0,0,0,0,0,0
105875892,3014703,2162703,3014703,4,1,0,0,2,1,1,1,0,0,0,0,1,0,0,0,0,0,0
106876726,3014703,2162703,3014703,4,1,0,0,2,1,1,1,0,0,0,0,1,0,0,0,0,0,0
107885486,3014703,2162703,3014703,4,1,0,0,2,1,1,1,0,0,0,0,1,0,0,0,0,0,0
108887825,3014703,2162703,3014703,4,1,0,0,2,1,1,1,0,0,0,0,1,0,0,0,0,0,0
109891054,3014703,2162703,3014703,4,1,0,0,2,1,1,1,0,0,0,0,1,0,0,0,0,0,0
110895764,3014703,2162703,3014703,4,1,0,0,2,1,1,1,0,0,0,0,1,0,0,0,0,0,0
111901773,3014703,2162703,3014703,4,1,0,0,2,1,1,1,0,0,0,0,1,0,0,0,0,0,0
112906725,3014703,2162703,3014703,4,1,0,0,2,1,1,1,0,0,0,0,1,0,0,0,0,0,0
113909780,3014703,2162703,3014703,4,1,0,0,2,1,1,1,0,0,0,0,1,0,0,0,0,0,0
114910386,3014703,2162703,3014703,4,1,0,0,2,1,1,1,0,0,0,0,1,0,0,0,0,0,0
115915963,3014703,2162703,3014703,4,1,0,0,2,1,1,1,0,0,0,0,1,0,0,0,0,0,0
116916814,3014703,2162703,3014703,4,1,0,0,2,1,1,1,0,0,0,0,1,0,0,0,0,0,0
117923914,3014703,2162703,3014703,4,1,0,0,2,1,1,1,0,0,0,0,1,0,0,0,0,0,0
118929038,3014703,2162703,3014703,4,1,0,0,2,1,1,1,0,0,0,0,1,0,0,0,0,0,0
119931732,3014703,2162703,3014703,4,1,0,0,2,1,1,1,0,0,0,0,1,0,0,0,0,0,0
120938778,3014703,2162703,3014703,4,1,0,0,2,1,1,1,0,0,0,0,1,0,0,0,0,0,0
121940728,3014703,2162703,3014703,4,1,0,0,2,1,1,1,0,0,0,0,1,0,0,0,0,0,0
122943842,3014703,2162703,3014703,4,1,0,0,2,1,1,1,0,0,0,0,1,0,0,0,0,0,0
123952722,3014703,2162703,3014703,4,1,0,0,2,1,1,1,0,0,0,0,1,0,0,0,0,0,0
124955822,3014703,2162703,3014703,4,1,0,0,2,1,1,1,0,0,0,0,1,0,0,0,0,0,0
125961359,3014703,2162703,3014703,4,1,0,0,2,1,1,1,0,0,0,0,1,0,0,0,0,0,0
126970166,3014703,2162703,3014703,4,1,0,0,2,1,1,1,0,0,0,0,1,0,0,0,0,0,0
127973791,3014703,2162703,3014703,4,1,0,0,2,1,1,1,0,0,0,0,1,0,0,0,0,0,0
128979968,3014703,2162703,3014703,4,1,0,0,2,1,1,1,0,0,0,0,1,0,0,0,0,0,0
129982774,3014703,2162703,3014703,4,1,0,0,2,1,1,1,0,0,0,0,1,0,0,0,0,0,0
130993628,3014703,2162703,3014703,4,1,0,0,2,1,1,1,0,0,0,0,1,0,0,0,0,0,0
132002776,3014703,2162703,3014703,4,1,0,0,2,1,1,1,0,0,0,0,1,0,0,0,0,0,0
133007831,3014703,2162703,3014703,4,1,0,0,2,1,1,1,0,0,0,0,1,0,0,0,0,0,0
134015062,3014703,2162703,3014703,4,1,0,0,2,1,1,1,0,0,0,0,1,0,0,0,0,0,0
135023945,3014703,2162703,3014703,4,1,0,0,2,1,1,1,0,0,0,0,1,0,0,0,0,0,0
136024801,3014703,2162703,3014703,4,1,0,0,2,1,1,1,0,0,0,0,1,0,0,0,0,0,0
137027817,3014703,2162703,3014703,4,1,0,0,2,1,1,1,0,0,0,0,1,0,0,0,0,0,0
138033885,3014703,2162703,3014703,4,1,0,0,2,1,1,1,0,0,0,0,1,0,0,0,0,0,0
139034342,3014703,2162703,3014703,4,1,0,0,2,1,1,1,0,0,0,0,1,0,0,0,0,0,0
140035897,3014703,2162703,3014703,4,1,0,0,2,1,1,1,0,0,0,0,1,0,0,0,0,0,0
141040167,3014703,2162703,3014703,4,1,0,0,2,1,1,1,0,0,0,0,1,0,0,0,0,0,0
142044392,3014703,2162703,3014703,4,1,0,0,2,1,1,1,0,0,0,0,1,0,0,0,0,0,0
143047765,3014703,2162703,3014703,4,1,0,0,2,1,1,1,0,0,0,0,1,0,0,0,0,0,0
144055853,3014703,2162703,3014703,4,1,0,0,2,1,1,1,0,0,0,0,1,0,0,0,0,0,0
145064040,3014703,2162703,3014703,4,1,0,0,2,1,1,1,0,0,0,0,1,0,0,0,0,0,0
146068722,3014703,2162703,3014703,4,1,0,0,2,1,1,1,0,0,0,0,1,0,0,0,0,0,0
147076788,3014703,2162703,3014703,4,1,0,0,2,1,1,1,0,0,0,0,1,0,0,0,0,0,0
148085724,3014703,2162703,3014703,4,1,0,0,2,1,1,1,0,0,0,0,1,0,0,0,0,0,0
149094946,3014703,2162703,3014703,4,1,0,0,2,1,1,1,0,0,0,0,1,0,0,0,0,0,0
150101725,3014703,2162703,3014703,4,1,0,0,2,1,1,1,0,0,0,0,1,0,0,0,0,0,0
151103839,3014703,2162703,3014703,4,1,0,0,2,1,1,1,0,0,0,0,1,0,0,0,0,0,0
152105790,3014703,2162703,3014703,4,1,0,0,2,1,1,1,0,0,0,0,1,0,0,0,0,0,0
153114798,3014703,2162703,3014703,4,1,0,0,2,1,1,1,0,0,0,0,1,0,0,0,0,0,0
154120962,3014703,2162703,3014703,4,1,0,0,2,1,1,1,0,0,0,0,1,0,0,0,0,0,0
155121812,3014703,2162703,3014703,4,1,0,0,2,1,1,1,0,0,0,0,1,0,0,0,0,0,0
156130724,3014703,2162703,3014703,4,1,0,0,2,1,1,1,0,0,0,0,1,0,0,0,0,0,0
157135007,3014703,2162703,3014703,4,1,0,0,2,1,1,1,0,0,0,0,1,0,0,0,0,0,0
158139429,3014703,2162703,3014703,4,1,0,0,2,1,1,1,0,0,0,0,1,0,0,0,0,0,0
159144791,3014703,2162703,3014703,4,1,0,0,2,1,1,1,0,0,0,0,1,0,0,0,0,0,0
160152370,3014703,2162703,3014703,4,1,0,0,2,1,1,1,0,0,0,0,1,0,0,0,0,0,0
161158723,3014703,2162703,3014703,4,1,0,0,2,1,1,1,0,0,0,0,1,0,0,0,0,0,0
162149969,3014703,2162703,3014703,4,1,0,0,2,1,1,1,0,0,0,0,1,0,1,0,1,0,0
163159749,3014703,2162703,3014703,4,1,0,0,2,1,1,1,0,0,0,0,1,0,1,0,1,0,0
164163760,3014703,2162703,3014703,4,1,0,0,2,1,1,1,0,0,0,0,1,0,1,0,1,0,0
165165744,3014703,2162703,3014703,4,1,0,0,2,1,1,1,0,0,0,0,1,0,1,0,1,0,0
166172742,3014703,2162703,3014703,4,1,0,0,2,1,1,1,0,0,0,0,1,0,1,0,1,0,0
167177823,3014703,2162703,3014703,4,1,0,0,2,1,1,1,0,0,0,0,1,0,1,0,1,0,0
168187065,3014703,2162703,3014703,4,1,0,0,2,1,1,1,0,0,0,0,1,0,1,0,1,0,0
169191758,3014703,2162703,3014703,4,1,0,0,2,1,1,1,0,0,0,0,1,0,1,0,1,0,0
170196779,3014703,2162703,3014703,4,1,0,0,2,1,1,1,0,0,0,0,1,0,1,0,1,0,0
171199832,3014703,2162703,3014703,4,1,0,0,2,1,1,1,0,0,0,0,1,0,1,0,1,0,0
172206725,3014703,2162703,3014703,4,1,0,0,2,1,1,1,0,0,0,0,1,0,1,0,1,0,0
173208562,3014703,2162703,3014703,4,1,0,0,2,1,1,1,0,0,0,0,1,0,1,0,1,0,0
174209722,3014703,2162703,3014703,4,1,0,0,2,1,1,1,0,0,0,0,1,0,1,0,1,0,0
175216720,3014703,2162703,3014703,4,1,0,0,2,1,1,1,0,0,0,0,1,0,1,0,1,0,0
176221724,3014703,2162703,3014703,4,1,0,0,2,1,1,1,0,0,0,0,1,0,1,0,1,0,0
177225824,3014703,2162703,3014703,4,1,0,0,2,1,1,1,0,0,0,0,1,0,1,0,1,0,0
178230754,3014703,2162703,3014703,4,1,0,0,2,1,1,1,0,0,0,0,1,0,1,0,1,0,0
179230788,3014703,2162703,3014703,4,1,0,0,2,1,1,1,0,0,0,0,1,0,1,0,1,0,0
180233731,3014703,2162703,3014703,4,1,0,0,2,1,1,1,0,0,0,0,1,0,1,0,1,0,0
181235108,3014703,2162703,3014703,4,1,0,0,2,1,1,1,0,0,0,0,1,0,1,0,1,0,0
182239754,3014703,2162703,3014703,4,1,0,0,2,1,1,1,0,0,0,0,1,0,1,0,1,0,0
183244779,3014703,2162703,3014703,4,1,0,0,2,1,1,1,0,0,0,0,1,0,1,0,1,0,0
184247927,3014703,2162703,3014703,4,1,0,0,2,1,1,1,0,0,0,0,1,0,1,0,1,0,0
185248368,3014703,2162703,3014703,4,1,0,0,2,1,1,1,0,0,0,0,1,0,1,0,1,0,0
186254915,3014703,2162703,3014703,4,1,0,0,2,1,1,1,0,0,0,0,1,0,1,0,1,0,0
187265552,3014703,2162703,3014703,4,1,0,0,2,1,1,1,0,0,0,0,1,0,1,0,1,0,0
188270833,3014703,2162703,3014703,4,1,0,0,2,1,1,1,0,0,0,0,1,0,1,0,1,0,0
189275273,3014703,2162703,3014703,4,1,0,0,2,1,1,1,0,0,0,0,1,0,1,0,1,0,0
190277756,3014703,2162703,3014703,4,1,0,0,2,1,1,1,0,0,0,0,1,0,1,0,1,0,0
191281724,3014703,2162703,3014703,4,1,0,0,2,1,1,1,0,0,0,0,1,0,1,0,1,0,0
192288893,3014703,2162703,3014703,4,1,0,0,2,1,1,1,0,0,0,0,1,0,1,0,1,0,0
193289763,3014703,2162703,3014703,4,1,0,0,2,1,1,1,0,0,0,0,1,0,1,0,1,0,0
194298550,3014703,2162703,3014703,4,1,0,0,2,1,1,1,0,0,0,0,1,0,1,0,1,0,0
195305722,3014703,2162703,3014703,4,1,0,0,2,1,1,1,0,0,0,0,1,0,1,0,1,0,0
196310799,3014703,2162703,3014703,4,1,0,0,2,1,1,1,0,0,0,0,1,0,1,0,1,0,0
197317740,3014703,2162703,3014703,4,1,0,0,2,1,1,1,0,0,0,0,1,0,1,0,1,0,0
198320500,3014703,2162703,3014703,4,1,0,0,2,1,1,1,0,0,0,0,1,0,1,0,1,0,0
199329367,3014703,2162703,3014703,4,1,0,0,2,1,1,1,0,0,0,0,1,0,1,0,1,0,0
200329723,3014703,2162703,3014703,4,1,0,0,2,1,1,1,0,0,0,0,1,0,1,0,1,0,0
201335834,3014703,2162703,3014703,4,1,0,0,2,1,1,1,0,0,0,0,1,0,1,0,1,0,0
202338964,3014703,2162703,3014703,4,1,0,0,2,1,1,1,0,0,0,0,1,0,1,0,1,0,0
203341783,3014703,2162703,3014703,4,1,0,0,2,1,1,1,0,0,0,0,1,0,1,0,1,0,0
204350722,3014703,2162703,3014703,4,1,0,0,2,1,1,1,0,0,0,0,1,0,1,0,1,0,0
205351738,3014703,2162703,3014703,4,1,0,0,2,1,1,1,0,0,0,0,1,0,1,0,1,0,0
206361829,3014703,2162703,3014703,4,1,0,0,2,1,1,1,0,0,0,0,1,0,1,0,1,0,0
207370624,3014703,2162703,3014703,4,1,0,0,2,1,1,1,0,0,0,0,1,0,1,0,1,0,0
208373756,3014703,2162703,3014703,4,1,0,0,2,1,1,1,0,0,0,0,1,0,1,0,1,0,0
209375920,3014703,2162703,3014703,4,1,0,0,2,1,1,1,0,0,0,0,1,0,1,0,1,0,0
210384546,3014703,2162703,3014703,4,1,0,0,2,1,1,1,0,0,0,0,1,0,1,0,1,0,0
211393175,3014703,2162703,3014703,4,1,0,0,2,1,1,1,0,0,0,0,1,0,1,0,1,0,0
212397874,3014703,2162703,3014703,4,1,0,0,2,1,1,1,0,0,0,0,1,0,1,0,1,0,0
213407893,3014703,2162703,3014703,4,1,0,0,2,1,1,1,0,0,0,0,1,0,1,0,1,0,0
213506754,3014703,2162703,3014703,4,1,0,0,2,1,1,1,0,0,0,0,1,0,1,0,1,0,0
214496751,3014703,2162703,3014703,4,1,0,0,2,1,1,1,0,0,0,0,1,0,1,0,1,0,0
215500724,3014703,2162703,3014703,4,1,0,0,2,1,1,1,0,0,0,0,1,0,1,0,1,0,0
215688164,3014703,2162703,3014703,4,1,0,0,2,1,1,1,0,0,0,0,1,0,1,0,1,0,0
216689872,3014703,2162703,3014703,4,1,0,0,2,1,1,1,0,0,0,0,1,0,1,0,1,0,0
217701511,3014703,2162703,3014703,4,1,0,0,2,1,1,1,0,0,0,0,1,0,1,0,1,0,0
218705758,3014703,2162703,3014703,4,1,0,0,2,1,1,1,0,0,0,0,1,0,1,0,1,0,0
219711902,3014703,2162703,3014703,4,1,0,0,2,1,1,1,0,0,0,0,1,0,1,0,1,0,0
220713812,3014703,2162703,3014703,4,1,0,0,2,1,1,1,0,0,0,0,1,0,1,0,1,0,0
221718741,3014703,2162703,3014703,4,1,0,0,2,1,1,1,0,0,0,0,1,0,1,0,1,0,0
222728776,3014703,2162703,3014703,4,1,0,0,2,1,1,1,0,0,0,0,1,0,1,0,1,0,0
223731960,3014703,2162703,3014703,4,1,0,0,2,1,1,1,0,0,0,0,1,0,1,0,1,0,0
224743968,3014703,2162703,3014703,4,1,0,0,2,1,1,1,0,0,0,0,1,0,1,0,1,0,0
225747942,3014703,2162703,3014703,4,1,0,0,2,1,1,1,0,0,0,0,1,0,1,0,1,0,0
226752379,3014703,2162703,3014703,4,1,0,0,2,1,1,1,0,0,0,0,1,0,1,0,1,0,0
227760370,3014703,2162703,3014703,4,1,0,0,2,1,1,1,0,0,0,0,1,0,1,0,1,0,0
228764524,3014703,2162703,3014703,4,1,0,0,2,1,1,1,0,0,0,0,1,0,1,0,1,0,0
229773818,3014703,2162703,3014703,4,1,0,0,2,1,1,1,0,0,0,0,1,0,1,0,1,0,0
230778136,3014703,2162703,3014703,4,1,0,0,2,1,1,1,0,0,0,0,1,0,1,0,1,0,0
231783830,3014703,2162703,3014703,4,1,0,0,2,1,1,1,0,0,0,0,1,0,1,0,1,0,0
232787536,3014703,2162703,3014703,4,1,0,0,2,1,1,1,0,0,0,0,1,0,1,0,1,0,0
233791955,3014703,2162703,3014703,4,1,0,0,2,1,1,1,0,0,0,0,1,0,1,0,1,0,0
234797774,3014703,2162703,3014703,4,1,0,0,2,1,1,1,0,0,0,0,1,0,1,0,1,0,0
235806724,3014703,2162703,3014703,4,1,0,0,2,1,1,1,0,0,0,0,1,0,1,0,1,0,0
236807753,3014703,2162703,3014703,4,1,0,0,2,1,1,1,0,0,0,0,1,0,1,0,1,0,0
237812768,3014703,2162703,3014703,4,1,0,0,2,1,1,1,0,0,0,0,1,0,1,0,1,0,0
238816758,3014703,2162703,3014703,4,1,0,0,2,1,1,1,0,0,0,0,1,0,1,0,1,0,0
239822778,3014703,2162703,3014703,4,1,0,0,2,1,1,1,0,0,0,0,1,0,1,0,1,0,0
240828796,3014703,2162703,3014703,4,1,0,0,2,1,1,1,0,0,0,0,1,0,1,0,1,0,0
241837513,3014703,2162703,3014703,4,1,0,0,2,1,1,1,0,0,0,0,1,0,1,0,1,0,0
242842750,3014703,2162703,3014703,4,1,0,0,2,1,1,1,0,0,0,0,1,0,1,0,1,0,0
243847756,3014703,2162703,3014703,4,1,0,0,2,1,1,1,0,0,0,0,1,0,1,0,1,0,0
244851756,3014703,2162703,3014703,4,1,0,0,2,1,1,1,0,0,0,0,1,0,1,0,1,0,0
245853725,3014703,2162703,3014703,4,1,0,0,2,1,1,1,0,0,0,0,1,0,1,0,1,0,0
246860994,3014703,2162703,3014703,4,1,0,0,2,1,1,1,0,0,0,0,1,0,1,0,1,0,0
247862836,3014703,2162703,3014703,4,1,0,0,2,1,1,1,0,0,0,0,1,0,1,0,1,0,0
248863752,3014703,2162703,3014703,4,1,0,0,2,1,1,1,0,0,0,0,1,0,1,0,1,0,0
249867753,3014703,2162703,3014703,4,1,0,0,2,1,1,1,0,0,0,0,1,0,1,0,1,0,0
250870724,3014703,2162703,3014703,4,1,0,0,2,1,1,1,0,0,0,0,1,0,1,0,1,0,0
251872815,3014703,2162703,3014703,4,1,0,0,2,1,1,1,0,0,0,0,1,0,1,0,1,0,0
252877724,3014703,2162703,3014703,4,1,0,0,2,1,1,1,0,0,0,0,1,0,1,0,1,0,0
253881588,3014703,2162703,3014703,4,1,0,0,2,1,1,1,0,0,0,0,1,0,1,0,1,0,0
254890411,3014703,2162703,3014703,4,1,0,0,2,1,1,1,0,0,0,0,1,0,1,0,1,0,0
255895861,3014703,2162703,3014703,4,1,0,0,2,1,1,1,0,0,0,0,1,0,1,0,1,0,0
256898752,3014703,2162703,3014703,4,1,0,0,2,1,1,1,0,0,0,0,1,0,1,0,1,0,0
257900917,3014703,2162703,3014703,4,1,0,0,2,1,1,1,0,0,0,0,1,0,1,0,1,0,0
258906724,3014703,2162703,3014703,4,1,0,0,2,1,1,1,0,0,0,0,1,0,1,0,1,0,0
259913795,3014703,2162703,3014703,4,1,0,0,2,1,1,1,0,0,0,0,1,0,1,0,1,0,0
260918742,3014703,2162703,3014703,4,1,0,0,2,1,1,1,0,0,0,0,1,0,1,0,1,0,0
261921725,3014703,2162703,3014703,4,1,0,0,2,1,1,1,0,0,0,0,1,0,1,0,1,0,0
262922723,3014703,2162703,3014703,4,1,0,0,2,1,1,1,0,0,0,0,1,0,1,0,1,0,0
263932390,3014703,2162703,3014703,4,1,0,0,2,1,1,1,0,0,0,0,1,0,1,0,1,0,0
264935843,3014703,2162703,3014703,4,1,0,0,2,1,1,1,0,0,0,0,1,0,1,0,1,0,0
265940792,3014703,2162703,3014703,4,1,0,0,2,1,1,1,0,0,0,0,1,0,1,0,1,0,0
266944776,3014703,2162703,3014703,4,1,0,0,2,1,1,1,0,0,0,0,1,0,1,0,1,0,0
267948770,3014703,2162703,3014703,4,1,0,0,2,1,1,1,0,0,0,0,1,0,1,0,1,0,0
268950618,3014703,2162703,3014703,4,1,0,0,2,1,1,1,0,0,0,0,1,0,1,0,1,0,0
269957816,3014703,2162703,3014703,4,1,0,0,2,1,1,1,0,0,0,0,1,0,1,0,1,0,0
270957830,3014703,2162703,3014703,4,1,0,0,2,1,1,1,0,0,0,0,1,0,1,0,1,0,0
271959838,3014703,2162703,3014703,4,1,0,0,2,1,1,1,0,0,0,0,1,0,1,0,1,0,0
272963226,3014703,2162703,3014703,4,1,0,0,2,1,1,1,0,0,0,0,1,0,1,0,1,0,0
273965773,3014703,2162703,3014703,4,1,0,0,2,1,1,1,0,0,0,0,1,0,1,0,1,0,0
274970728,3014703,2162703,3014703,4,1,0,0,2,1,1,1,0,0,0,0,1,0,1,0,1,0,0
275977818,3014703,2162703,3014703,4,1,0,0,2,1,1,1,0,0,0,0,1,0,1,0,1,0,0
276986773,3014703,2162703,3014703,4,1,0,0,2,1,1,1,0,0,0,0,1,0,1,0,1,0,0
277987167,3014703,2162703,3014703,4,1,0,0,2,1,1,1,0,0,0,0,1,0,1,0,1,0,0
278991120,3014703,2162703,3014703,4,1,0,0,2,1,1,1,0,0,0,0,1,0,1,0,1,0,0
279994776,3014703,2162703,3014703,4,1,0,0,2,1,1,1,0,0,0,0,1,0,1,0,1,0,0
280995119,3014703,2162703,3014703,4,1,0,0,2,1,1,1,0,0,0,0,1,0,1,0,1,0,0
281995892,3014703,2162703,3014703,4,1,0,0,2,1,1,1,0,0,0,0,1,0,1,0,1,0,0
282998124,3014703,2162703,3014703,4,1,0,0,2,1,1,1,0,0,0,0,1,0,1,0,1,0,0
284006422,3014703,2162703,3014703,4,1,0,0,2,1,1,1,0,0,0,0,1,0,1,0,1,0,0
285009722,3014703,2162703,3014703,4,1,0,0,2,1,1,1,0,0,0,0,1,0,1,0,1,0,0
286013759,3014703,2162703,3014703,4,1,0,0,2,1,1,1,0,0,0,0,1,0,1,0,1,0,0
287024885,3014703,2162703,3014703,4,1,0,0,2,1,1,1,0,0,0,0,1,0,1,0,1,0,0
288026724,3014703,2162703,3014703,4,1,0,0,2,1,1,1,0,0,0,0,1,0,1,0,1,0,0
289029775,3014703,2162703,3014703,4,1,0,0,2,1,1,1,0,0,0,0,1,0,1,0,1,0,0
290038168,3014703,2162703,3014703,4,1,0,0,2,1,1,1,0,0,0,0,1,0,1,0,1,0,0
291040778,3014703,2162703,3014703,4,1,0,0,2,1,1,1,0,0,0,0,1,0,1,0,1,0,0
292046754,3014703,2162703,3014703,4,1,0,0,2,1,1,1,0,0,0,0,1,0,1,0,1,0,0
293056791,3014703,2162703,3014703,4,1,0,0,2,1,1,1,0,0,0,0,1,0,1,0,1,0,0
294066754,3014703,2162703,3014703,4,1,0,0,2,1,1,1,0,0,0,0,1,0,1,0,1,0,0
295067966,3014703,2162703,3014703,4,1,0,0,2,1,1,1,0,0,0,0,1,0,1,0,1,0,0
296075003,3014703,2162703,3014703,4,1,0,0,2,1,1,1,0,0,0,0,1,0,1,0,1,0,0
297079110,3014703,2162703,3014703,4,1,0,0,2,1,1,1,0,0,0,0,1,0,1,0,1,0,0
298081780,3014703,2162703,3014703,4,1,0,0,2,1,1,1,0,0,0,0,1,0,1,0,1,0,0
299089755,3014703,2162703,3014703,4,1,0,0,2,1,1,1,0,0,0,0,1,0,1,0,1,0,0
300098726,3014703,2162703,3014703,4,1,0,0,2,1,1,1,0,0,0,0,1,0,1,0,1,0,0
301099739,3014703,2162703,3014703,4,1,0,0,2,1,1,1,0,0,0,0,1,0,1,0,1,0,0
302106802,3014703,2162703,3014703,4,1,0,0,2,1,1,1,0,0,0,0,1,0,1,0,1,0,0
303111935,3014703,2162703,3014703,4,1,0,0,2,1,1,1,0,0,0,0,1,0,1,0,1,0,0
304114799,3014703,2162703,3014703,4,1,0,0,2,1,1,1,0,0,0,0,1,0,1,0,1,0,0
305116326,3014703,2162703,3014703,4,1,0,0,2,1,1,1,0,0,0,0,1,0,1,0,1,0,0
306117877,3014703,2162703,3014703,4,1,0,0,2,1,1,1,0,0,0,0,1,0,1,0,1,0,0
307125923,3014703,2162703,3014703,4,1,0,0,2,1,1,1,0,0,0,0,1,0,1,0,1,0,0
308126773,3014703,2162703,3014703,4,1,0,0,2,1,1,1,0,0,0,0,1,0,1,0,1,0,0
309135024,3014703,2162703,3014703,4,1,0,0,2,1,1,1,0,0,0,0,1,0,1,0,1,0,0
310137723,3014703,2162703,3014703,4,1,0,0,2,1,1,1,0,0,0,0,1,0,1,0,1,0,0
311141777,3014703,2162703,3014703,4,1,0,0,2,1,1,1,0,0,0,0,1,0,1,0,1,0,0
312150753,3014703,2162703,3014703,4,1,0,0,2,1,1,1,0,0,0,0,1,0,1,0,1,0,0
313154790,3014703,2162703,3014703,4,1,0,0,2,1,1,1,0,0,0,0,1,0,1,0,1,0,0
314154943,3014703,2162703,3014703,4,1,0,0,2,1,1,1,0,0,0,0,1,0,1,0,1,0,0
315160723,3014703,2162703,3014703,4,1,0,0,2,1,1,1,0,0,0,0,1,0,1,0,1,0,0
316164786,3014703,2162703,3014703,4,1,0,0,2,1,1,1,0,0,0,0,1,0,1,0,1,0,0
317167925,3014703,2162703,3014703,4,1,0,0,2,1,1,1,0,0,0,0,1,0,1,0,1,0,0
318173722,3014703,2162703,3014703,4,1,0,0,2,1,1,1,0,0,0,0,1,0,1,0,1,0,0
319178722,3014703,2162703,3014703,4,1,0,0,2,1,1,1,0,0,0,0,1,0,1,0,1,0,0
