timestamp,voltage_v,voltage_filtered_v,current_a,current_filtered_a,average_current_a,discharged_mah,remaining,scale,temperature,cell_count,capacity,cycle_count,run_time_to_empty,average_time_to_empty,serial_number,connected,system_source,priority,is_powering_off,warning
5324675,0.0,0.0,-1.0,0.0,0.0,0.0,1.0,1.0,0.0,4,0,0,0,0,0,0,0,0,0,0
5336674,0.0,0.0,-1.0,0.0,0.0,0.0,1.0,1.0,0.0,4,0,0,0,0,0,0,0,0,0,0
5828648,0.0,0.0,-1.0,0.0,0.0,0.0,1.0,1.0,0.0,4,0,0,0,0,0,0,0,0,0,0
6333532,0.0,0.0,-1.0,0.0,0.0,0.0,1.0,1.0,0.0,4,0,0,0,0,0,0,0,0,0,0
6837545,0.0,0.0,-1.0,0.0,0.0,0.0,1.0,1.0,0.0,4,0,0,0,0,0,0,0,0,0,0
7330316,0.0,0.0,-1.0,0.0,0.0,0.0,1.0,1.0,0.0,4,0,0,0,0,0,0,0,0,0,0
7834332,0.0,0.0,-1.0,0.0,0.0,0.0,1.0,1.0,0.0,4,0,0,0,0,0,0,0,0,0,0
8338334,0.0,0.0,-1.0,0.0,0.0,0.0,1.0,1.0,0.0,4,0,0,0,0,0,0,0,0,0,0
8831162,0.0,0.0,-1.0,0.0,0.0,0.0,1.0,1.0,0.0,4,0,0,0,0,0,0,0,0,0,0
9335194,0.0,0.0,-1.0,0.0,0.0,0.0,1.0,1.0,0.0,4,0,0,0,0,0,0,0,0,0,0
9839914,0.0,0.0,-1.0,0.0,0.0,0.0,1.0,1.0,0.0,4,0,0,0,0,0,0,0,0,0,0
10332722,0.0,0.0,-1.0,0.0,0.0,0.0,1.0,1.0,0.0,4,0,0,0,0,0,0,0,0,0,0
10836736,0.0,0.0,-1.0,0.0,0.0,0.0,1.0,1.0,0.0,4,0,0,0,0,0,0,0,0,0,0
11340701,0.0,0.0,-1.0,0.0,0.0,0.0,1.0,1.0,0.0,4,0,0,0,0,0,0,0,0,0,0
11845551,0.0,0.0,-1.0,0.0,0.0,0.0,1.0,1.0,0.0,4,0,0,0,0,0,0,0,0,0,0
12337528,0.0,0.0,-1.0,0.0,0.0,0.0,1.0,1.0,0.0,4,0,0,0,0,0,0,0,0,0,0
12842344,0.0,0.0,-1.0,0.0,0.0,0.0,1.0,1.0,0.0,4,0,0,0,0,0,0,0,0,0,0
13346359,0.0,0.0,-1.0,0.0,0.0,0.0,1.0,1.0,0.0,4,0,0,0,0,0,0,0,0,0,0
13838333,0.0,0.0,-1.0,0.0,0.0,0.0,1.0,1.0,0.0,4,0,0,0,0,0,0,0,0,0,0
14343164,0.0,0.0,-1.0,0.0,0.0,0.0,1.0,1.0,0.0,4,0,0,0,0,0,0,0,0,0,0
14847160,0.0,0.0,-1.0,0.0,0.0,0.0,1.0,1.0,0.0,4,0,0,0,0,0,0,0,0,0,0
15339937,0.0,0.0,-1.0,0.0,0.0,0.0,1.0,1.0,0.0,4,0,0,0,0,0,0,0,0,0,0
15843963,0.0,0.0,-1.0,0.0,0.0,0.0,1.0,1.0,0.0,4,0,0,0,0,0,0,0,0,0,0
16348749,0.0,0.0,-1.0,0.0,0.0,0.0,1.0,1.0,0.0,4,0,0,0,0,0,0,0,0,0,0
16840730,0.0,0.0,-1.0,0.0,0.0,0.0,1.0,1.0,0.0,4,0,0,0,0,0,0,0,0,0,0
17345527,0.0,0.0,-1.0,0.0,0.0,0.0,1.0,1.0,0.0,4,0,0,0,0,0,0,0,0,0,0
17849523,0.0,0.0,-1.0,0.0,0.0,0.0,1.0,1.0,0.0,4,0,0,0,0,0,0,0,0,0,0
18341562,0.0,0.0,-1.0,0.0,0.0,0.0,1.0,1.0,0.0,4,0,0,0,0,0,0,0,0,0,0
18846351,0.0,0.0,-1.0,0.0,0.0,0.0,1.0,1.0,0.0,4,0,0,0,0,0,0,0,0,0,0
19350383,0.0,0.0,-1.0,0.0,0.0,0.0,1.0,1.0,0.0,4,0,0,0,0,0,0,0,0,0,0
19843137,0.0,0.0,-1.0,0.0,0.0,0.0,1.0,1.0,0.0,4,0,0,0,0,0,0,0,0,0,0
20347181,0.0,0.0,-1.0,0.0,0.0,0.0,1.0,1.0,0.0,4,0,0,0,0,0,0,0,0,0,0
20851935,0.0,0.0,-1.0,0.0,0.0,0.0,1.0,1.0,0.0,4,0,0,0,0,0,0,0,0,0,0
21343944,0.0,0.0,-1.0,0.0,0.0,0.0,1.0,1.0,0.0,4,0,0,0,0,0,0,0,0,0,0
21848740,0.0,0.0,-1.0,0.0,0.0,0.0,1.0,1.0,0.0,4,0,0,0,0,0,0,0,0,0,0
22352764,0.0,0.0,-1.0,0.0,0.0,0.0,1.0,1.0,0.0,4,0,0,0,0,0,0,0,0,0,0
22844808,0.0,0.0,-1.0,0.0,0.0,0.0,1.0,1.0,0.0,4,0,0,0,0,0,0,0,0,0,0
23349534,0.0,0.0,-1.0,0.0,0.0,0.0,1.0,1.0,0.0,4,0,0,0,0,0,0,0,0,0,0
23853516,0.0,0.0,-1.0,0.0,0.0,0.0,1.0,1.0,0.0,4,0,0,0,0,0,0,0,0,0,0
24346322,0.0,0.0,-1.0,0.0,0.0,0.0,1.0,1.0,0.0,4,0,0,0,0,0,0,0,0,0,0
24850329,0.0,0.0,-1.0,0.0,0.0,0.0,1.0,1.0,0.0,4,0,0,0,0,0,0,0,0,0,0
25355203,0.0,0.0,-1.0,0.0,0.0,0.0,1.0,1.0,0.0,4,0,0,0,0,0,0,0,0,0,0
25859149,0.0,0.0,-1.0,0.0,0.0,0.0,1.0,1.0,0.0,4,0,0,0,0,0,0,0,0,0,0
26351949,0.0,0.0,-1.0,0.0,0.0,0.0,1.0,1.0,0.0,4,0,0,0,0,0,0,0,0,0,0
26855923,0.0,0.0,-1.0,0.0,0.0,0.0,1.0,1.0,0.0,4,0,0,0,0,0,0,0,0,0,0
27360728,0.0,0.0,-1.0,0.0,0.0,0.0,1.0,1.0,0.0,4,0,0,0,0,0,0,0,0,0,0
27852757,0.0,0.0,-1.0,0.0,0.0,0.0,1.0,1.0,0.0,4,0,0,0,0,0,0,0,0,0,0
28356745,0.0,0.0,-1.0,0.0,0.0,0.0,1.0,1.0,0.0,4,0,0,0,0,0,0,0,0,0,0
28861546,0.0,0.0,-1.0,0.0,0.0,0.0,1.0,1.0,0.0,4,0,0,0,0,0,0,0,0,0,0
29353526,0.0,0.0,-1.0,0.0,0.0,0.0,1.0,1.0,0.0,4,0,0,0,0,0,0,0,0,0,0
29858325,0.0,0.0,-1.0,0.0,0.0,0.0,1.0,1.0,0.0,4,0,0,0,0,0,0,0,0,0,0
30362335,0.0,0.0,-1.0,0.0,0.0,0.0,1.0,1.0,0.0,4,0,0,0,0,0,0,0,0,0,0
30854347,0.0,0.0,-1.0,0.0,0.0,0.0,1.0,1.0,0.0,4,0,0,0,0,0,0,0,0,0,0
31359225,0.0,0.0,-1.0,0.0,0.0,0.0,1.0,1.0,0.0,4,0,0,0,0,0,0,0,0,0,0
31863163,0.0,0.0,-1.0,0.0,0.0,0.0,1.0,1.0,0.0,4,0,0,0,0,0,0,0,0,0,0
32355938,0.0,0.0,-1.0,0.0,0.0,0.0,1.0,1.0,0.0,4,0,0,0,0,0,0,0,0,0,0
32859932,0.0,0.0,-1.0,0.0,0.0,0.0,1.0,1.0,0.0,4,0,0,0,0,0,0,0,0,0,0
33364790,0.0,0.0,-1.0,0.0,0.0,0.0,1.0,1.0,0.0,4,0,0,0,0,0,0,0,0,0,0
33856723,0.0,0.0,-1.0,0.0,0.0,0.0,1.0,1.0,0.0,4,0,0,0,0,0,0,0,0,0,0
34361563,0.0,0.0,-1.0,0.0,0.0,0.0,1.0,1.0,0.0,4,0,0,0,0,0,0,0,0,0,0
34865525,0.0,0.0,-1.0,0.0,0.0,0.0,1.0,1.0,0.0,4,0,0,0,0,0,0,0,0,0,0
35357535,0.0,0.0,-1.0,0.0,0.0,0.0,1.0,1.0,0.0,4,0,0,0,0,0,0,0,0,0,0
35862337,0.0,0.0,-1.0,0.0,0.0,0.0,1.0,1.0,0.0,4,0,0,0,0,0,0,0,0,0,0
36366359,0.0,0.0,-1.0,0.0,0.0,0.0,1.0,1.0,0.0,4,0,0,0,0,0,0,0,0,0,0
36859157,0.0,0.0,-1.0,0.0,0.0,0.0,1.0,1.0,0.0,4,0,0,0,0,0,0,0,0,0,0
37363168,0.0,0.0,-1.0,0.0,0.0,0.0,1.0,1.0,0.0,4,0,0,0,0,0,0,0,0,0,0
37867914,0.0,0.0,-1.0,0.0,0.0,0.0,1.0,1.0,0.0,4,0,0,0,0,0,0,0,0,0,0
38371964,0.0,0.0,-1.0,0.0,0.0,0.0,1.0,1.0,0.0,4,0,0,0,0,0,0,0,0,0,0
38864776,0.0,0.0,-1.0,0.0,0.0,0.0,1.0,1.0,0.0,4,0,0,0,0,0,0,0,0,0,0
39368708,0.0,0.0,-1.0,0.0,0.0,0.0,1.0,1.0,0.0,4,0,0,0,0,0,0,0,0,0,0
39872771,0.0,0.0,-1.0,0.0,0.0,0.0,1.0,1.0,0.0,4,0,0,0,0,0,0,0,0,0,0
40365541,0.0,0.0,-1.0,0.0,0.0,0.0,1.0,1.0,0.0,4,0,0,0,0,0,0,0,0,0,0
40869525,0.0,0.0,-1.0,0.0,0.0,0.0,1.0,1.0,0.0,4,0,0,0,0,0,0,0,0,0,0
41374389,0.0,0.0,-1.0,0.0,0.0,0.0,1.0,1.0,0.0,4,0,0,0,0,0,0,0,0,0,0
41866326,0.0,0.0,-1.0,0.0,0.0,0.0,1.0,1.0,0.0,4,0,0,0,0,0,0,0,0,0,0
42371172,0.0,0.0,-1.0,0.0,0.0,0.0,1.0,1.0,0.0,4,0,0,0,0,0,0,0,0,0,0
42875219,0.0,0.0,-1.0,0.0,0.0,0.0,1.0,1.0,0.0,4,0,0,0,0,0,0,0,0,0,0
43367178,0.0,0.0,-1.0,0.0,0.0,0.0,1.0,1.0,0.0,4,0,0,0,0,0,0,0,0,0,0
43871974,0.0,0.0,-1.0,0.0,0.0,0.0,1.0,1.0,0.0,4,0,0,0,0,0,0,0,0,0,0
44375940,0.0,0.0,-1.0,0.0,0.0,0.0,1.0,1.0,0.0,4,0,0,0,0,0,0,0,0,0,0
44868727,0.0,0.0,-1.0,0.0,0.0,0.0,1.0,1.0,0.0,4,0,0,0,0,0,0,0,0,0,0
45372732,0.0,0.0,-1.0,0.0,0.0,0.0,1.0,1.0,0.0,4,0,0,0,0,0,0,0,0,0,0
45877522,0.0,0.0,-1.0,0.0,0.0,0.0,1.0,1.0,0.0,4,0,0,0,0,0,0,0,0,0,0
46369532,0.0,0.0,-1.0,0.0,0.0,0.0,1.0,1.0,0.0,4,0,0,0,0,0,0,0,0,0,0
46873538,0.0,0.0,-1.0,0.0,0.0,0.0,1.0,1.0,0.0,4,0,0,0,0,0,0,0,0,0,0
47378354,0.0,0.0,-1.0,0.0,0.0,0.0,1.0,1.0,0.0,4,0,0,0,0,0,0,0,0,0,0
47870322,0.0,0.0,-1.0,0.0,0.0,0.0,1.0,1.0,0.0,4,0,0,0,0,0,0,0,0,0,0
48375170,0.0,0.0,-1.0,0.0,0.0,0.0,1.0,1.0,0.0,4,0,0,0,0,0,0,0,0,0,0
48879156,0.0,0.0,-1.0,0.0,0.0,0.0,1.0,1.0,0.0,4,0,0,0,0,0,0,0,0,0,0
49371920,0.0,0.0,-1.0,0.0,0.0,0.0,1.0,1.0,0.0,4,0,0,0,0,0,0,0,0,0,0
49875971,0.0,0.0,-1.0,0.0,0.0,0.0,1.0,1.0,0.0,4,0,0,0,0,0,0,0,0,0,0
50380719,0.0,0.0,-1.0,0.0,0.0,0.0,1.0,1.0,0.0,4,0,0,0,0,0,0,0,0,0,0
50872792,0.0,0.0,-1.0,0.0,0.0,0.0,1.0,1.0,0.0,4,0,0,0,0,0,0,0,0,0,0
51376735,0.0,0.0,-1.0,0.0,0.0,0.0,1.0,1.0,0.0,4,0,0,0,0,0,0,0,0,0,0
51881549,0.0,0.0,-1.0,0.0,0.0,0.0,1.0,1.0,0.0,4,0,0,0,0,0,0,0,0,0,0
52385506,0.0,0.0,-1.0,0.0,0.0,0.0,1.0,1.0,0.0,4,0,0,0,0,0,0,0,0,0,0
52878325,0.0,0.0,-1.0,0.0,0.0,0.0,1.0,1.0,0.0,4,0,0,0,0,0,0,0,0,0,0
53382359,0.0,0.0,-1.0,0.0,0.0,0.0,1.0,1.0,0.0,4,0,0,0,0,0,0,0,0,0,0
53887168,0.0,0.0,-1.0,0.0,0.0,0.0,1.0,1.0,0.0,4,0,0,0,0,0,0,0,0,0,0
54379140,0.0,0.0,-1.0,0.0,0.0,0.0,1.0,1.0,0.0,4,0,0,0,0,0,0,0,0,0,0
54883170,0.0,0.0,-1.0,0.0,0.0,0.0,1.0,1.0,0.0,4,0,0,0,0,0,0,0,0,0,0
55387991,0.0,0.0,-1.0,0.0,0.0,0.0,1.0,1.0,0.0,4,0,0,0,0,0,0,0,0,0,0
55879924,0.0,0.0,-1.0,0.0,0.0,0.0,1.0,1.0,0.0,4,0,0,0,0,0,0,0,0,0,0
56384782,0.0,0.0,-1.0,0.0,0.0,0.0,1.0,1.0,0.0,4,0,0,0,0,0,0,0,0,0,0
56888723,0.0,0.0,-1.0,0.0,0.0,0.0,1.0,1.0,0.0,4,0,0,0,0,0,0,0,0,0,0
57381530,0.0,0.0,-1.0,0.0,0.0,0.0,1.0,1.0,0.0,4,0,0,0,0,0,0,0,0,0,0
57885548,0.0,0.0,-1.0,0.0,0.0,0.0,1.0,1.0,0.0,4,0,0,0,0,0,0,0,0,0,0
58390343,0.0,0.0,-1.0,0.0,0.0,0.0,1.0,1.0,0.0,4,0,0,0,0,0,0,0,0,0,0
58882348,0.0,0.0,-1.0,0.0,0.0,0.0,1.0,1.0,0.0,4,0,0,0,0,0,0,0,0,0,0
59386390,0.0,0.0,-1.0,0.0,0.0,0.0,1.0,1.0,0.0,4,0,0,0,0,0,0,0,0,0,0
59891226,0.0,0.0,-1.0,0.0,0.0,0.0,1.0,1.0,0.0,4,0,0,0,0,0,0,0,0,0,0
60383197,0.0,0.0,-1.0,0.0,0.0,0.0,1.0,1.0,0.0,4,0,0,0,0,0,0,0,0,0,0
60887983,0.0,0.0,-1.0,0.0,0.0,0.0,1.0,1.0,0.0,4,0,0,0,0,0,0,0,0,0,0
61391933,0.0,0.0,-1.0,0.0,0.0,0.0,1.0,1.0,0.0,4,0,0,0,0,0,0,0,0,0,0
61884709,0.0,0.0,-1.0,0.0,0.0,0.0,1.0,1.0,0.0,4,0,0,0,0,0,0,0,0,0,0
62388740,0.0,0.0,-1.0,0.0,0.0,0.0,1.0,1.0,0.0,4,0,0,0,0,0,0,0,0,0,0
62892738,0.0,0.0,-1.0,0.0,0.0,0.0,1.0,1.0,0.0,4,0,0,0,0,0,0,0,0,0,0
63385542,0.0,0.0,-1.0,0.0,0.0,0.0,1.0,1.0,0.0,4,0,0,0,0,0,0,0,0,0,0
63889511,0.0,0.0,-1.0,0.0,0.0,0.0,1.0,1.0,0.0,4,0,0,0,0,0,0,0,0,0,0
64394329,0.0,0.0,-1.0,0.0,0.0,0.0,1.0,1.0,0.0,4,0,0,0,0,0,0,0,0,0,0
64898333,0.0,0.0,-1.0,0.0,0.0,0.0,1.0,1.0,0.0,4,0,0,0,0,0,0,0,0,0,0
65391176,0.0,0.0,-1.0,0.0,0.0,0.0,1.0,1.0,0.0,4,0,0,0,0,0,0,0,0,0,0
65895163,0.0,0.0,-1.0,0.0,0.0,0.0,1.0,1.0,0.0,4,0,0,0,0,0,0,0,0,0,0
66399208,0.0,0.0,-1.0,0.0,0.0,0.0,1.0,1.0,0.0,4,0,0,0,0,0,0,0,0,0,0
66903932,0.0,0.0,-1.0,0.0,0.0,0.0,1.0,1.0,0.0,4,0,0,0,0,0,0,0,0,0,0
67395947,0.0,0.0,-1.0,0.0,0.0,0.0,1.0,1.0,0.0,4,0,0,0,0,0,0,0,0,0,0
67900791,0.0,0.0,-1.0,0.0,0.0,0.0,1.0,1.0,0.0,4,0,0,0,0,0,0,0,0,0,0
68404816,0.0,0.0,-1.0,0.0,0.0,0.0,1.0,1.0,0.0,4,0,0,0,0,0,0,0,0,0,0
68897536,0.0,0.0,-1.0,0.0,0.0,0.0,1.0,1.0,0.0,4,0,0,0,0,0,0,0,0,0,0
69401557,0.0,0.0,-1.0,0.0,0.0,0.0,1.0,1.0,0.0,4,0,0,0,0,0,0,0,0,0,0
69905547,0.0,0.0,-1.0,0.0,0.0,0.0,1.0,1.0,0.0,4,0,0,0,0,0,0,0,0,0,0
70398348,0.0,0.0,-1.0,0.0,0.0,0.0,1.0,1.0,0.0,4,0,0,0,0,0,0,0,0,0,0
70902374,0.0,0.0,-1.0,0.0,0.0,0.0,1.0,1.0,0.0,4,0,0,0,0,0,0,0,0,0,0
71407253,0.0,0.0,-1.0,0.0,0.0,0.0,1.0,1.0,0.0,4,0,0,0,0,0,0,0,0,0,0
71899207,0.0,0.0,-1.0,0.0,0.0,0.0,1.0,1.0,0.0,4,0,0,0,0,0,0,0,0,0,0
72403954,0.0,0.0,-1.0,0.0,0.0,0.0,1.0,1.0,0.0,4,0,0,0,0,0,0,0,0,0,0
72907918,0.0,0.0,-1.0,0.0,0.0,0.0,1.0,1.0,0.0,4,0,0,0,0,0,0,0,0,0,0
73400745,0.0,0.0,-1.0,0.0,0.0,0.0,1.0,1.0,0.0,4,0,0,0,0,0,0,0,0,0,0
73904853,0.0,0.0,-1.0,0.0,0.0,0.0,1.0,1.0,0.0,4,0,0,0,0,0,0,0,0,0,0
74408759,0.0,0.0,-1.0,0.0,0.0,0.0,1.0,1.0,0.0,4,0,0,0,0,0,0,0,0,0,0
74901540,0.0,0.0,-1.0,0.0,0.0,0.0,1.0,1.0,0.0,4,0,0,0,0,0,0,0,0,0,0
75405552,0.0,0.0,-1.0,0.0,0.0,0.0,1.0,1.0,0.0,4,0,0,0,0,0,0,0,0,0,0
75910385,0.0,0.0,-1.0,0.0,0.0,0.0,1.0,1.0,0.0,4,0,0,0,0,0,0,0,0,0,0
76402321,0.0,0.0,-1.0,0.0,0.0,0.0,1.0,1.0,0.0,4,0,0,0,0,0,0,0,0,0,0
76907205,0.0,0.0,-1.0,0.0,0.0,0.0,1.0,1.0,0.0,4,0,0,0,0,0,0,0,0,0,0
77411185,0.0,0.0,-1.0,0.0,0.0,0.0,1.0,1.0,0.0,4,0,0,0,0,0,0,0,0,0,0
77903176,0.0,0.0,-1.0,0.0,0.0,0.0,1.0,1.0,0.0,4,0,0,0,0,0,0,0,0,0,0
78407951,0.0,0.0,-1.0,0.0,0.0,0.0,1.0,1.0,0.0,4,0,0,0,0,0,0,0,0,0,0
78911935,0.0,0.0,-1.0,0.0,0.0,0.0,1.0,1.0,0.0,4,0,0,0,0,0,0,0,0,0,0
79416748,0.0,0.0,-1.0,0.0,0.0,0.0,1.0,1.0,0.0,4,0,0,0,0,0,0,0,0,0,0
79908737,0.0,0.0,-1.0,0.0,0.0,0.0,1.0,1.0,0.0,4,0,0,0,0,0,0,0,0,0,0
80413595,0.0,0.0,-1.0,0.0,0.0,0.0,1.0,1.0,0.0,4,0,0,0,0,0,0,0,0,0,0
80917534,0.0,0.0,-1.0,0.0,0.0,0.0,1.0,1.0,0.0,4,0,0,0,0,0,0,0,0,0,0
81421526,0.0,0.0,-1.0,0.0,0.0,0.0,1.0,1.0,0.0,4,0,0,0,0,0,0,0,0,0,0
81914366,0.0,0.0,-1.0,0.0,0.0,0.0,1.0,1.0,0.0,4,0,0,0,0,0,0,0,0,0,0
82418365,0.0,0.0,-1.0,0.0,0.0,0.0,1.0,1.0,0.0,4,0,0,0,0,0,0,0,0,0,0
82923230,0.0,0.0,-1.0,0.0,0.0,0.0,1.0,1.0,0.0,4,0,0,0,0,0,0,0,0,0,0
83415185,0.0,0.0,-1.0,0.0,0.0,0.0,1.0,1.0,0.0,4,0,0,0,0,0,0,0,0,0,0
83919939,0.0,0.0,-1.0,0.0,0.0,0.0,1.0,1.0,0.0,4,0,0,0,0,0,0,0,0,0,0
84423945,0.0,0.0,-1.0,0.0,0.0,0.0,1.0,1.0,0.0,4,0,0,0,0,0,0,0,0,0,0
84916743,0.0,0.0,-1.0,0.0,0.0,0.0,1.0,1.0,0.0,4,0,0,0,0,0,0,0,0,0,0
85420749,0.0,0.0,-1.0,0.0,0.0,0.0,1.0,1.0,0.0,4,0,0,0,0,0,0,0,0,0,0
85924789,0.0,0.0,-1.0,0.0,0.0,0.0,1.0,1.0,0.0,4,0,0,0,0,0,0,0,0,0,0
86417530,0.0,0.0,-1.0,0.0,0.0,0.0,1.0,1.0,0.0,4,0,0,0,0,0,0,0,0,0,0
86921586,0.0,0.0,-1.0,0.0,0.0,0.0,1.0,1.0,0.0,4,0,0,0,0,0,0,0,0,0,0
87426339,0.0,0.0,-1.0,0.0,0.0,0.0,1.0,1.0,0.0,4,0,0,0,0,0,0,0,0,0,0
87918354,0.0,0.0,-1.0,0.0,0.0,0.0,1.0,1.0,0.0,4,0,0,0,0,0,0,0,0,0,0
88423227,0.0,0.0,-1.0,0.0,0.0,0.0,1.0,1.0,0.0,4,0,0,0,0,0,0,0,0,0,0
88927174,0.0,0.0,-1.0,0.0,0.0,0.0,1.0,1.0,0.0,4,0,0,0,0,0,0,0,0,0,0
89419187,0.0,0.0,-1.0,0.0,0.0,0.0,1.0,1.0,0.0,4,0,0,0,0,0,0,0,0,0,0
89923950,0.0,0.0,-1.0,0.0,0.0,0.0,1.0,1.0,0.0,4,0,0,0,0,0,0,0,0,0,0
90428738,0.0,0.0,-1.0,0.0,0.0,0.0,1.0,1.0,0.0,4,0,0,0,0,0,0,0,0,0,0
90920729,0.0,0.0,-1.0,0.0,0.0,0.0,1.0,1.0,0.0,4,0,0,0,0,0,0,0,0,0,0
91424802,0.0,0.0,-1.0,0.0,0.0,0.0,1.0,1.0,0.0,4,0,0,0,0,0,0,0,0,0,0
91929531,0.0,0.0,-1.0,0.0,0.0,0.0,1.0,1.0,0.0,4,0,0,0,0,0,0,0,0,0,0
92421639,0.0,0.0,-1.0,0.0,0.0,0.0,1.0,1.0,0.0,4,0,0,0,0,0,0,0,0,0,0
92926328,0.0,0.0,-1.0,0.0,0.0,0.0,1.0,1.0,0.0,4,0,0,0,0,0,0,0,0,0,0
93430343,0.0,0.0,-1.0,0.0,0.0,0.0,1.0,1.0,0.0,4,0,0,0,0,0,0,0,0,0,0
93934427,0.0,0.0,-1.0,0.0,0.0,0.0,1.0,1.0,0.0,4,0,0,0,0,0,0,0,0,0,0
94427254,0.0,0.0,-1.0,0.0,0.0,0.0,1.0,1.0,0.0,4,0,0,0,0,0,0,0,0,0,0
94931120,0.0,0.0,-1.0,0.0,0.0,0.0,1.0,1.0,0.0,4,0,0,0,0,0,0,0,0,0,0
95435957,0.0,0.0,-1.0,0.0,0.0,0.0,1.0,1.0,0.0,4,0,0,0,0,0,0,0,0,0,0
95939944,0.0,0.0,-1.0,0.0,0.0,0.0,1.0,1.0,0.0,4,0,0,0,0,0,0,0,0,0,0
96432794,0.0,0.0,-1.0,0.0,0.0,0.0,1.0,1.0,0.0,4,0,0,0,0,0,0,0,0,0,0
96936744,0.0,0.0,-1.0,0.0,0.0,0.0,1.0,1.0,0.0,4,0,0,0,0,0,0,0,0,0,0
97441545,0.0,0.0,-1.0,0.0,0.0,0.0,1.0,1.0,0.0,4,0,0,0,0,0,0,0,0,0,0
97945545,0.0,0.0,-1.0,0.0,0.0,0.0,1.0,1.0,0.0,4,0,0,0,0,0,0,0,0,0,0
98449518,0.0,0.0,-1.0,0.0,0.0,0.0,1.0,1.0,0.0,4,0,0,0,0,0,0,0,0,0,0
98942342,0.0,0.0,-1.0,0.0,0.0,0.0,1.0,1.0,0.0,4,0,0,0,0,0,0,0,0,0,0
99446330,0.0,0.0,-1.0,0.0,0.0,0.0,1.0,1.0,0.0,4,0,0,0,0,0,0,0,0,0,0
99951177,0.0,0.0,-1.0,0.0,0.0,0.0,1.0,1.0,0.0,4,0,0,0,0,0,0,0,0,0,0
100443173,0.0,0.0,-1.0,0.0,0.0,0.0,1.0,1.0,0.0,4,0,0,0,0,0,0,0,0,0,0
100947947,0.0,0.0,-1.0,0.0,0.0,0.0,1.0,1.0,0.0,4,0,0,0,0,0,0,0,0,0,0
101451934,0.0,0.0,-1.0,0.0,0.0,0.0,1.0,1.0,0.0,4,0,0,0,0,0,0,0,0,0,0
101956804,0.0,0.0,-1.0,0.0,0.0,0.0,1.0,1.0,0.0,4,0,0,0,0,0,0,0,0,0,0
102448738,0.0,0.0,-1.0,0.0,0.0,0.0,1.0,1.0,0.0,4,0,0,0,0,0,0,0,0,0,0
102952811,0.0,0.0,-1.0,0.0,0.0,0.0,1.0,1.0,0.0,4,0,0,0,0,0,0,0,0,0,0
103457541,0.0,0.0,-1.0,0.0,0.0,0.0,1.0,1.0,0.0,4,0,0,0,0,0,0,0,0,0,0
103961568,0.0,0.0,-1.0,0.0,0.0,0.0,1.0,1.0,0.0,4,0,0,0,0,0,0,0,0,0,0
104466337,0.0,0.0,-1.0,0.0,0.0,0.0,1.0,1.0,0.0,4,0,0,0,0,0,0,0,0,0,0
104958354,0.0,0.0,-1.0,0.0,0.0,0.0,1.0,1.0,0.0,4,0,0,0,0,0,0,0,0,0,0
105463188,0.0,0.0,-1.0,0.0,0.0,0.0,1.0,1.0,0.0,4,0,0,0,0,0,0,0,0,0,0
105967223,0.0,0.0,-1.0,0.0,0.0,0.0,1.0,1.0,0.0,4,0,0,0,0,0,0,0,0,0,0
106471216,0.0,0.0,-1.0,0.0,0.0,0.0,1.0,1.0,0.0,4,0,0,0,0,0,0,0,0,0,0
106963937,0.0,0.0,-1.0,0.0,0.0,0.0,1.0,1.0,0.0,4,0,0,0,0,0,0,0,0,0,0
107468737,0.0,0.0,-1.0,0.0,0.0,0.0,1.0,1.0,0.0,4,0,0,0,0,0,0,0,0,0,0
107972740,0.0,0.0,-1.0,0.0,0.0,0.0,1.0,1.0,0.0,4,0,0,0,0,0,0,0,0,0,0
108476742,0.0,0.0,-1.0,0.0,0.0,0.0,1.0,1.0,0.0,4,0,0,0,0,0,0,0,0,0,0
108969539,0.0,0.0,-1.0,0.0,0.0,0.0,1.0,1.0,0.0,4,0,0,0,0,0,0,0,0,0,0
109473558,0.0,0.0,-1.0,0.0,0.0,0.0,1.0,1.0,0.0,4,0,0,0,0,0,0,0,0,0,0
109978356,0.0,0.0,-1.0,0.0,0.0,0.0,1.0,1.0,0.0,4,0,0,0,0,0,0,0,0,0,0
110482337,0.0,0.0,-1.0,0.0,0.0,0.0,1.0,1.0,0.0,4,0,0,0,0,0,0,0,0,0,0
110986353,0.0,0.0,-1.0,0.0,0.0,0.0,1.0,1.0,0.0,4,0,0,0,0,0,0,0,0,0,0
111479224,0.0,0.0,-1.0,0.0,0.0,0.0,1.0,1.0,0.0,4,0,0,0,0,0,0,0,0,0,0
111983201,0.0,0.0,-1.0,0.0,0.0,0.0,1.0,1.0,0.0,4,0,0,0,0,0,0,0,0,0,0
112487946,0.0,0.0,-1.0,0.0,0.0,0.0,1.0,1.0,0.0,4,0,0,0,0,0,0,0,0,0,0
112991942,0.0,0.0,-1.0,0.0,0.0,0.0,1.0,1.0,0.0,4,0,0,0,0,0,0,0,0,0,0
113484784,0.0,0.0,-1.0,0.0,0.0,0.0,1.0,1.0,0.0,4,0,0,0,0,0,0,0,0,0,0
113988809,0.0,0.0,-1.0,0.0,0.0,0.0,1.0,1.0,0.0,4,0,0,0,0,0,0,0,0,0,0
114492818,0.0,0.0,-1.0,0.0,0.0,0.0,1.0,1.0,0.0,4,0,0,0,0,0,0,0,0,0,0
114997555,0.0,0.0,-1.0,0.0,0.0,0.0,1.0,1.0,0.0,4,0,0,0,0,0,0,0,0,0,0
115501542,0.0,0.0,-1.0,0.0,0.0,0.0,1.0,1.0,0.0,4,0,0,0,0,0,0,0,0,0,0
115994366,0.0,0.0,-1.0,0.0,0.0,0.0,1.0,1.0,0.0,4,0,0,0,0,0,0,0,0,0,0
116498347,0.0,0.0,-1.0,0.0,0.0,0.0,1.0,1.0,0.0,4,0,0,0,0,0,0,0,0,0,0
117003166,0.0,0.0,-1.0,0.0,0.0,0.0,1.0,1.0,0.0,4,0,0,0,0,0,0,0,0,0,0
117495168,0.0,0.0,-1.0,0.0,0.0,0.0,1.0,1.0,0.0,4,0,0,0,0,0,0,0,0,0,0
117999156,0.0,0.0,-1.0,0.0,0.0,0.0,1.0,1.0,0.0,4,0,0,0,0,0,0,0,0,0,0
118503920,0.0,0.0,-1.0,0.0,0.0,0.0,1.0,1.0,0.0,4,0,0,0,0,0,0,0,0,0,0
119007962,0.0,0.0,-1.0,0.0,0.0,0.0,1.0,1.0,0.0,4,0,0,0,0,0,0,0,0,0,0
119500764,0.0,0.0,-1.0,0.0,0.0,0.0,1.0,1.0,0.0,4,0,0,0,0,0,0,0,0,0,0
120004774,0.0,0.0,-1.0,0.0,0.0,0.0,1.0,1.0,0.0,4,0,0,0,0,0,0,0,0,0,0
120509521,0.0,0.0,-1.0,0.0,0.0,0.0,1.0,1.0,0.0,4,0,0,0,0,0,0,0,0,0,0
121001562,0.0,0.0,-1.0,0.0,0.0,0.0,1.0,1.0,0.0,4,0,0,0,0,0,0,0,0,0,0
121506344,0.0,0.0,-1.0,0.0,0.0,0.0,1.0,1.0,0.0,4,0,0,0,0,0,0,0,0,0,0
122010399,0.0,0.0,-1.0,0.0,0.0,0.0,1.0,1.0,0.0,4,0,0,0,0,0,0,0,0,0,0
122502397,0.0,0.0,-1.0,0.0,0.0,0.0,1.0,1.0,0.0,4,0,0,0,0,0,0,0,0,0,0
123007203,0.0,0.0,-1.0,0.0,0.0,0.0,1.0,1.0,0.0,4,0,0,0,0,0,0,0,0,0,0
123511173,0.0,0.0,-1.0,0.0,0.0,0.0,1.0,1.0,0.0,4,0,0,0,0,0,0,0,0,0,0
124003947,0.0,0.0,-1.0,0.0,0.0,0.0,1.0,1.0,0.0,4,0,0,0,0,0,0,0,0,0,0
124507933,0.0,0.0,-1.0,0.0,0.0,0.0,1.0,1.0,0.0,4,0,0,0,0,0,0,0,0,0,0
125012733,0.0,0.0,-1.0,0.0,0.0,0.0,1.0,1.0,0.0,4,0,0,0,0,0,0,0,0,0,0
125504802,0.0,0.0,-1.0,0.0,0.0,0.0,1.0,1.0,0.0,4,0,0,0,0,0,0,0,0,0,0
126008781,0.0,0.0,-1.0,0.0,0.0,0.0,1.0,1.0,0.0,4,0,0,0,0,0,0,0,0,0,0
126513582,0.0,0.0,-1.0,0.0,0.0,0.0,1.0,1.0,0.0,4,0,0,0,0,0,0,0,0,0,0
127005523,0.0,0.0,-1.0,0.0,0.0,0.0,1.0,1.0,0.0,4,0,0,0,0,0,0,0,0,0,0
127510327,0.0,0.0,-1.0,0.0,0.0,0.0,1.0,1.0,0.0,4,0,0,0,0,0,0,0,0,0,0
128014390,0.0,0.0,-1.0,0.0,0.0,0.0,1.0,1.0,0.0,4,0,0,0,0,0,0,0,0,0,0
128506318,0.0,0.0,-1.0,0.0,0.0,0.0,1.0,1.0,0.0,4,0,0,0,0,0,0,0,0,0,0
129011182,0.0,0.0,-1.0,0.0,0.0,0.0,1.0,1.0,0.0,4,0,0,0,0,0,0,0,0,0,0
129515215,0.0,0.0,-1.0,0.0,0.0,0.0,1.0,1.0,0.0,4,0,0,0,0,0,0,0,0,0,0
130007926,0.0,0.0,-1.0,0.0,0.0,0.0,1.0,1.0,0.0,4,0,0,0,0,0,0,0,0,0,0
130511984,0.0,0.0,-1.0,0.0,0.0,0.0,1.0,1.0,0.0,4,0,0,0,0,0,0,0,0,0,0
131016757,0.0,0.0,-1.0,0.0,0.0,0.0,1.0,1.0,0.0,4,0,0,0,0,0,0,0,0,0,0
131520735,0.0,0.0,-1.0,0.0,0.0,0.0,1.0,1.0,0.0,4,0,0,0,0,0,0,0,0,0,0
132024801,0.0,0.0,-1.0,0.0,0.0,0.0,1.0,1.0,0.0,4,0,0,0,0,0,0,0,0,0,0
132517546,0.0,0.0,-1.0,0.0,0.0,0.0,1.0,1.0,0.0,4,0,0,0,0,0,0,0,0,0,0
133021530,0.0,0.0,-1.0,0.0,0.0,0.0,1.0,1.0,0.0,4,0,0,0,0,0,0,0,0,0,0
133526362,0.0,0.0,-1.0,0.0,0.0,0.0,1.0,1.0,0.0,4,0,0,0,0,0,0,0,0,0,0
134018363,0.0,0.0,-1.0,0.0,0.0,0.0,1.0,1.0,0.0,4,0,0,0,0,0,0,0,0,0,0
134523177,0.0,0.0,-1.0,0.0,0.0,0.0,1.0,1.0,0.0,4,0,0,0,0,0,0,0,0,0,0
135027186,0.0,0.0,-1.0,0.0,0.0,0.0,1.0,1.0,0.0,4,0,0,0,0,0,0,0,0,0,0
135531259,0.0,0.0,-1.0,0.0,0.0,0.0,1.0,1.0,0.0,4,0,0,0,0,0,0,0,0,0,0
136023935,0.0,0.0,-1.0,0.0,0.0,0.0,1.0,1.0,0.0,4,0,0,0,0,0,0,0,0,0,0
136527968,0.0,0.0,-1.0,0.0,0.0,0.0,1.0,1.0,0.0,4,0,0,0,0,0,0,0,0,0,0
137032738,0.0,0.0,-1.0,0.0,0.0,0.0,1.0,1.0,0.0,4,0,0,0,0,0,0,0,0,0,0
137524798,0.0,0.0,-1.0,0.0,0.0,0.0,1.0,1.0,0.0,4,0,0,0,0,0,0,0,0,0,0
138028765,0.0,0.0,-1.0,0.0,0.0,0.0,1.0,1.0,0.0,4,0,0,0,0,0,0,0,0,0,0
138533594,0.0,0.0,-1.0,0.0,0.0,0.0,1.0,1.0,0.0,4,0,0,0,0,0,0,0,0,0,0
139037574,0.0,0.0,-1.0,0.0,0.0,0.0,1.0,1.0,0.0,4,0,0,0,0,0,0,0,0,0,0
139530408,0.0,0.0,-1.0,0.0,0.0,0.0,1.0,1.0,0.0,4,0,0,0,0,0,0,0,0,0,0
140034403,0.0,0.0,-1.0,0.0,0.0,0.0,1.0,1.0,0.0,4,0,0,0,0,0,0,0,0,0,0
140539240,0.0,0.0,-1.0,0.0,0.0,0.0,1.0,1.0,0.0,4,0,0,0,0,0,0,0,0,0,0
141031229,0.0,0.0,-1.0,0.0,0.0,0.0,1.0,1.0,0.0,4,0,0,0,0,0,0,0,0,0,0
141535166,0.0,0.0,-1.0,0.0,0.0,0.0,1.0,1.0,0.0,4,0,0,0,0,0,0,0,0,0,0
142039993,0.0,0.0,-1.0,0.0,0.0,0.0,1.0,1.0,0.0,4,0,0,0,0,0,0,0,0,0,0
142531991,0.0,0.0,-1.0,0.0,0.0,0.0,1.0,1.0,0.0,4,0,0,0,0,0,0,0,0,0,0
143036737,0.0,0.0,-1.0,0.0,0.0,0.0,1.0,1.0,0.0,4,0,0,0,0,0,0,0,0,0,0
143540745,0.0,0.0,-1.0,0.0,0.0,0.0,1.0,1.0,0.0,4,0,0,0,0,0,0,0,0,0,0
144032809,0.0,0.0,-1.0,0.0,0.0,0.0,1.0,1.0,0.0,4,0,0,0,0,0,0,0,0,0,0
144537542,0.0,0.0,-1.0,0.0,0.0,0.0,1.0,1.0,0.0,4,0,0,0,0,0,0,0,0,0,0
145041546,0.0,0.0,-1.0,0.0,0.0,0.0,1.0,1.0,0.0,4,0,0,0,0,0,0,0,0,0,0
145534338,0.0,0.0,-1.0,0.0,0.0,0.0,1.0,1.0,0.0,4,0,0,0,0,0,0,0,0,0,0
146038348,0.0,0.0,-1.0,0.0,0.0,0.0,1.0,1.0,0.0,4,0,0,0,0,0,0,0,0,0,0
146543195,0.0,0.0,-1.0,0.0,0.0,0.0,1.0,1.0,0.0,4,0,0,0,0,0,0,0,0,0,0
147035160,0.0,0.0,-1.0,0.0,0.0,0.0,1.0,1.0,0.0,4,0,0,0,0,0,0,0,0,0,0
147539916,0.0,0.0,-1.0,0.0,0.0,0.0,1.0,1.0,0.0,4,0,0,0,0,0,0,0,0,0,0
148043943,0.0,0.0,-1.0,0.0,0.0,0.0,1.0,1.0,0.0,4,0,0,0,0,0,0,0,0,0,0
148547948,0.0,0.0,-1.0,0.0,0.0,0.0,1.0,1.0,0.0,4,0,0,0,0,0,0,0,0,0,0
149040742,0.0,0.0,-1.0,0.0,0.0,0.0,1.0,1.0,0.0,4,0,0,0,0,0,0,0,0,0,0
149544793,0.0,0.0,-1.0,0.0,0.0,0.0,1.0,1.0,0.0,4,0,0,0,0,0,0,0,0,0,0
150048727,0.0,0.0,-1.0,0.0,0.0,0.0,1.0,1.0,0.0,4,0,0,0,0,0,0,0,0,0,0
150541537,0.0,0.0,-1.0,0.0,0.0,0.0,1.0,1.0,0.0,4,0,0,0,0,0,0,0,0,0,0
151045534,0.0,0.0,-1.0,0.0,0.0,0.0,1.0,1.0,0.0,4,0,0,0,0,0,0,0,0,0,0
151550401,0.0,0.0,-1.0,0.0,0.0,0.0,1.0,1.0,0.0,4,0,0,0,0,0,0,0,0,0,0
152042355,0.0,0.0,-1.0,0.0,0.0,0.0,1.0,1.0,0.0,4,0,0,0,0,0,0,0,0,0,0
152547195,0.0,0.0,-1.0,0.0,0.0,0.0,1.0,1.0,0.0,4,0,0,0,0,0,0,0,0,0,0
153051168,0.0,0.0,-1.0,0.0,0.0,0.0,1.0,1.0,0.0,4,0,0,0,0,0,0,0,0,0,0
153543169,0.0,0.0,-1.0,0.0,0.0,0.0,1.0,1.0,0.0,4,0,0,0,0,0,0,0,0,0,0
154048004,0.0,0.0,-1.0,0.0,0.0,0.0,1.0,1.0,0.0,4,0,0,0,0,0,0,0,0,0,0
154551911,0.0,0.0,-1.0,0.0,0.0,0.0,1.0,1.0,0.0,4,0,0,0,0,0,0,0,0,0,0
155044830,0.0,0.0,-1.0,0.0,0.0,0.0,1.0,1.0,0.0,4,0,0,0,0,0,0,0,0,0,0
155548738,0.0,0.0,-1.0,0.0,0.0,0.0,1.0,1.0,0.0,4,0,0,0,0,0,0,0,0,0,0
156052781,0.0,0.0,-1.0,0.0,0.0,0.0,1.0,1.0,0.0,4,0,0,0,0,0,0,0,0,0,0
156545542,0.0,0.0,-1.0,0.0,0.0,0.0,1.0,1.0,0.0,4,0,0,0,0,0,0,0,0,0,0
157049532,0.0,0.0,-1.0,0.0,0.0,0.0,1.0,1.0,0.0,4,0,0,0,0,0,0,0,0,0,0
157554378,0.0,0.0,-1.0,0.0,0.0,0.0,1.0,1.0,0.0,4,0,0,0,0,0,0,0,0,0,0
158046355,0.0,0.0,-1.0,0.0,0.0,0.0,1.0,1.0,0.0,4,0,0,0,0,0,0,0,0,0,0
158550334,0.0,0.0,-1.0,0.0,0.0,0.0,1.0,1.0,0.0,4,0,0,0,0,0,0,0,0,0,0
159055173,0.0,0.0,-1.0,0.0,0.0,0.0,1.0,1.0,0.0,4,0,0,0,0,0,0,0,0,0,0
159559143,0.0,0.0,-1.0,0.0,0.0,0.0,1.0,1.0,0.0,4,0,0,0,0,0,0,0,0,0,0
160052019,0.0,0.0,-1.0,0.0,0.0,0.0,1.0,1.0,0.0,4,0,0,0,0,0,0,0,0,0,0
160555939,0.0,0.0,-1.0,0.0,0.0,0.0,1.0,1.0,0.0,4,0,0,0,0,0,0,0,0,0,0
161060776,0.0,0.0,-1.0,0.0,0.0,0.0,1.0,1.0,0.0,4,0,0,0,0,0,0,0,0,0,0
161564804,0.0,0.0,-1.0,0.0,0.0,0.0,1.0,1.0,0.0,4,0,0,0,0,0,0,0,0,0,0
162068757,0.0,0.0,-1.0,0.0,0.0,0.0,1.0,1.0,0.0,4,0,0,0,0,0,0,0,0,0,0
162561559,0.0,0.0,-1.0,0.0,0.0,0.0,1.0,1.0,0.0,4,0,0,0,0,0,0,0,0,0,0
163065543,0.0,0.0,-1.0,0.0,0.0,0.0,1.0,1.0,0.0,4,0,0,0,0,0,0,0,0,0,0
163569525,0.0,0.0,-1.0,0.0,0.0,0.0,1.0,1.0,0.0,4,0,0,0,0,0,0,0,0,0,0
164074423,0.0,0.0,-1.0,0.0,0.0,0.0,1.0,1.0,0.0,4,0,0,0,0,0,0,0,0,0,0
164578367,0.0,0.0,-1.0,0.0,0.0,0.0,1.0,1.0,0.0,4,0,0,0,0,0,0,0,0,0,0
165071199,0.0,0.0,-1.0,0.0,0.0,0.0,1.0,1.0,0.0,4,0,0,0,0,0,0,0,0,0,0
165575194,0.0,0.0,-1.0,0.0,0.0,0.0,1.0,1.0,0.0,4,0,0,0,0,0,0,0,0,0,0
166079206,0.0,0.0,-1.0,0.0,0.0,0.0,1.0,1.0,0.0,4,0,0,0,0,0,0,0,0,0,0
166584012,0.0,0.0,-1.0,0.0,0.0,0.0,1.0,1.0,0.0,4,0,0,0,0,0,0,0,0,0,0
167087936,0.0,0.0,-1.0,0.0,0.0,0.0,1.0,1.0,0.0,4,0,0,0,0,0,0,0,0,0,0
167580772,0.0,0.0,-1.0,0.0,0.0,0.0,1.0,1.0,0.0,4,0,0,0,0,0,0,0,0,0,0
168084790,0.0,0.0,-1.0,0.0,0.0,0.0,1.0,1.0,0.0,4,0,0,0,0,0,0,0,0,0,0
168588745,0.0,0.0,-1.0,0.0,0.0,0.0,1.0,1.0,0.0,4,0,0,0,0,0,0,0,0,0,0
169093556,0.0,0.0,-1.0,0.0,0.0,0.0,1.0,1.0,0.0,4,0,0,0,0,0,0,0,0,0,0
169585533,0.0,0.0,-1.0,0.0,0.0,0.0,1.0,1.0,0.0,4,0,0,0,0,0,0,0,0,0,0
170090341,0.0,0.0,-1.0,0.0,0.0,0.0,1.0,1.0,0.0,4,0,0,0,0,0,0,0,0,0,0
170594365,0.0,0.0,-1.0,0.0,0.0,0.0,1.0,1.0,0.0,4,0,0,0,0,0,0,0,0,0,0
171098343,0.0,0.0,-1.0,0.0,0.0,0.0,1.0,1.0,0.0,4,0,0,0,0,0,0,0,0,0,0
171591180,0.0,0.0,-1.0,0.0,0.0,0.0,1.0,1.0,0.0,4,0,0,0,0,0,0,0,0,0,0
172095172,0.0,0.0,-1.0,0.0,0.0,0.0,1.0,1.0,0.0,4,0,0,0,0,0,0,0,0,0,0
172599952,0.0,0.0,-1.0,0.0,0.0,0.0,1.0,1.0,0.0,4,0,0,0,0,0,0,0,0,0,0
173091983,0.0,0.0,-1.0,0.0,0.0,0.0,1.0,1.0,0.0,4,0,0,0,0,0,0,0,0,0,0
173596753,0.0,0.0,-1.0,0.0,0.0,0.0,1.0,1.0,0.0,4,0,0,0,0,0,0,0,0,0,0
174100826,0.0,0.0,-1.0,0.0,0.0,0.0,1.0,1.0,0.0,4,0,0,0,0,0,0,0,0,0,0
174592741,0.0,0.0,-1.0,0.0,0.0,0.0,1.0,1.0,0.0,4,0,0,0,0,0,0,0,0,0,0
175097552,0.0,0.0,-1.0,0.0,0.0,0.0,1.0,1.0,0.0,4,0,0,0,0,0,0,0,0,0,0
175601560,0.0,0.0,-1.0,0.0,0.0,0.0,1.0,1.0,0.0,4,0,0,0,0,0,0,0,0,0,0
176094315,0.0,0.0,-1.0,0.0,0.0,0.0,1.0,1.0,0.0,4,0,0,0,0,0,0,0,0,0,0
176598400,0.0,0.0,-1.0,0.0,0.0,0.0,1.0,1.0,0.0,4,0,0,0,0,0,0,0,0,0,0
177102395,0.0,0.0,-1.0,0.0,0.0,0.0,1.0,1.0,0.0,4,0,0,0,0,0,0,0,0,0,0
177595178,0.0,0.0,-1.0,0.0,0.0,0.0,1.0,1.0,0.0,4,0,0,0,0,0,0,0,0,0,0
178099176,0.0,0.0,-1.0,0.0,0.0,0.0,1.0,1.0,0.0,4,0,0,0,0,0,0,0,0,0,0
178603172,0.0,0.0,-1.0,0.0,0.0,0.0,1.0,1.0,0.0,4,0,0,0,0,0,0,0,0,0,0
179095938,0.0,0.0,-1.0,0.0,0.0,0.0,1.0,1.0,0.0,4,0,0,0,0,0,0,0,0,0,0
179599943,0.0,0.0,-1.0,0.0,0.0,0.0,1.0,1.0,0.0,4,0,0,0,0,0,0,0,0,0,0
180104799,0.0,0.0,-1.0,0.0,0.0,0.0,1.0,1.0,0.0,4,0,0,0,0,0,0,0,0,0,0
180596803,0.0,0.0,-1.0,0.0,0.0,0.0,1.0,1.0,0.0,4,0,0,0,0,0,0,0,0,0,0
181100740,0.0,0.0,-1.0,0.0,0.0,0.0,1.0,1.0,0.0,4,0,0,0,0,0,0,0,0,0,0
181605533,0.0,0.0,-1.0,0.0,0.0,0.0,1.0,1.0,0.0,4,0,0,0,0,0,0,0,0,0,0
182109537,0.0,0.0,-1.0,0.0,0.0,0.0,1.0,1.0,0.0,4,0,0,0,0,0,0,0,0,0,0
182613585,0.0,0.0,-1.0,0.0,0.0,0.0,1.0,1.0,0.0,4,0,0,0,0,0,0,0,0,0,0
183118334,0.0,0.0,-1.0,0.0,0.0,0.0,1.0,1.0,0.0,4,0,0,0,0,0,0,0,0,0,0
183610338,0.0,0.0,-1.0,0.0,0.0,0.0,1.0,1.0,0.0,4,0,0,0,0,0,0,0,0,0,0
184115167,0.0,0.0,-1.0,0.0,0.0,0.0,1.0,1.0,0.0,4,0,0,0,0,0,0,0,0,0,0
184619187,0.0,0.0,-1.0,0.0,0.0,0.0,1.0,1.0,0.0,4,0,0,0,0,0,0,0,0,0,0
185111935,0.0,0.0,-1.0,0.0,0.0,0.0,1.0,1.0,0.0,4,0,0,0,0,0,0,0,0,0,0
185615937,0.0,0.0,-1.0,0.0,0.0,0.0,1.0,1.0,0.0,4,0,0,0,0,0,0,0,0,0,0
186119948,0.0,0.0,-1.0,0.0,0.0,0.0,1.0,1.0,0.0,4,0,0,0,0,0,0,0,0,0,0
186624822,0.0,0.0,-1.0,0.0,0.0,0.0,1.0,1.0,0.0,4,0,0,0,0,0,0,0,0,0,0
187116747,0.0,0.0,-1.0,0.0,0.0,0.0,1.0,1.0,0.0,4,0,0,0,0,0,0,0,0,0,0
187620760,0.0,0.0,-1.0,0.0,0.0,0.0,1.0,1.0,0.0,4,0,0,0,0,0,0,0,0,0,0
188125611,0.0,0.0,-1.0,0.0,0.0,0.0,1.0,1.0,0.0,4,0,0,0,0,0,0,0,0,0,0
188629517,0.0,0.0,-1.0,0.0,0.0,0.0,1.0,1.0,0.0,4,0,0,0,0,0,0,0,0,0,0
189122335,0.0,0.0,-1.0,0.0,0.0,0.0,1.0,1.0,0.0,4,0,0,0,0,0,0,0,0,0,0
189626331,0.0,0.0,-1.0,0.0,0.0,0.0,1.0,1.0,0.0,4,0,0,0,0,0,0,0,0,0,0
190130321,0.0,0.0,-1.0,0.0,0.0,0.0,1.0,1.0,0.0,4,0,0,0,0,0,0,0,0,0,0
190623234,0.0,0.0,-1.0,0.0,0.0,0.0,1.0,1.0,0.0,4,0,0,0,0,0,0,0,0,0,0
191127230,0.0,0.0,-1.0,0.0,0.0,0.0,1.0,1.0,0.0,4,0,0,0,0,0,0,0,0,0,0
191631932,0.0,0.0,-1.0,0.0,0.0,0.0,1.0,1.0,0.0,4,0,0,0,0,0,0,0,0,0,0
192123928,0.0,0.0,-1.0,0.0,0.0,0.0,1.0,1.0,0.0,4,0,0,0,0,0,0,0,0,0,0
192628735,0.0,0.0,-1.0,0.0,0.0,0.0,1.0,1.0,0.0,4,0,0,0,0,0,0,0,0,0,0
193132755,0.0,0.0,-1.0,0.0,0.0,0.0,1.0,1.0,0.0,4,0,0,0,0,0,0,0,0,0,0
193624823,0.0,0.0,-1.0,0.0,0.0,0.0,1.0,1.0,0.0,4,0,0,0,0,0,0,0,0,0,0
194129562,0.0,0.0,-1.0,0.0,0.0,0.0,1.0,1.0,0.0,4,0,0,0,0,0,0,0,0,0,0
194633597,0.0,0.0,-1.0,0.0,0.0,0.0,1.0,1.0,0.0,4,0,0,0,0,0,0,0,0,0,0
195125584,0.0,0.0,-1.0,0.0,0.0,0.0,1.0,1.0,0.0,4,0,0,0,0,0,0,0,0,0,0
195630344,0.0,0.0,-1.0,0.0,0.0,0.0,1.0,1.0,0.0,4,0,0,0,0,0,0,0,0,0,0
196134393,0.0,0.0,-1.0,0.0,0.0,0.0,1.0,1.0,0.0,4,0,0,0,0,0,0,0,0,0,0
196627232,0.0,0.0,-1.0,0.0,0.0,0.0,1.0,1.0,0.0,4,0,0,0,0,0,0,0,0,0,0
197131213,0.0,0.0,-1.0,0.0,0.0,0.0,1.0,1.0,0.0,4,0,0,0,0,0,0,0,0,0,0
197635194,0.0,0.0,-1.0,0.0,0.0,0.0,1.0,1.0,0.0,4,0,0,0,0,0,0,0,0,0,0
198139972,0.0,0.0,-1.0,0.0,0.0,0.0,1.0,1.0,0.0,4,0,0,0,0,0,0,0,0,0,0
198643963,0.0,0.0,-1.0,0.0,0.0,0.0,1.0,1.0,0.0,4,0,0,0,0,0,0,0,0,0,0
199136737,0.0,0.0,-1.0,0.0,0.0,0.0,1.0,1.0,0.0,4,0,0,0,0,0,0,0,0,0,0
199640757,0.0,0.0,-1.0,0.0,0.0,0.0,1.0,1.0,0.0,4,0,0,0,0,0,0,0,0,0,0
200144784,0.0,0.0,-1.0,0.0,0.0,0.0,1.0,1.0,0.0,4,0,0,0,0,0,0,0,0,0,0
200649552,0.0,0.0,-1.0,0.0,0.0,0.0,1.0,1.0,0.0,4,0,0,0,0,0,0,0,0,0,0
201141543,0.0,0.0,-1.0,0.0,0.0,0.0,1.0,1.0,0.0,4,0,0,0,0,0,0,0,0,0,0
201646377,0.0,0.0,-1.0,0.0,0.0,0.0,1.0,1.0,0.0,4,0,0,0,0,0,0,0,0,0,0
202150381,0.0,0.0,-1.0,0.0,0.0,0.0,1.0,1.0,0.0,4,0,0,0,0,0,0,0,0,0,0
202654389,0.0,0.0,-1.0,0.0,0.0,0.0,1.0,1.0,0.0,4,0,0,0,0,0,0,0,0,0,0
203147235,0.0,0.0,-1.0,0.0,0.0,0.0,1.0,1.0,0.0,4,0,0,0,0,0,0,0,0,0,0
203651231,0.0,0.0,-1.0,0.0,0.0,0.0,1.0,1.0,0.0,4,0,0,0,0,0,0,0,0,0,0
204156089,0.0,0.0,-1.0,0.0,0.0,0.0,1.0,1.0,0.0,4,0,0,0,0,0,0,0,0,0,0
204648013,0.0,0.0,-1.0,0.0,0.0,0.0,1.0,1.0,0.0,4,0,0,0,0,0,0,0,0,0,0
205152843,0.0,0.0,-1.0,0.0,0.0,0.0,1.0,1.0,0.0,4,0,0,0,0,0,0,0,0,0,0
205656741,0.0,0.0,-1.0,0.0,0.0,0.0,1.0,1.0,0.0,4,0,0,0,0,0,0,0,0,0,0
206148771,0.0,0.0,-1.0,0.0,0.0,0.0,1.0,1.0,0.0,4,0,0,0,0,0,0,0,0,0,0
206653582,0.0,0.0,-1.0,0.0,0.0,0.0,1.0,1.0,0.0,4,0,0,0,0,0,0,0,0,0,0
207157562,0.0,0.0,-1.0,0.0,0.0,0.0,1.0,1.0,0.0,4,0,0,0,0,0,0,0,0,0,0
207649522,0.0,0.0,-1.0,0.0,0.0,0.0,1.0,1.0,0.0,4,0,0,0,0,0,0,0,0,0,0
208154347,0.0,0.0,-1.0,0.0,0.0,0.0,1.0,1.0,0.0,4,0,0,0,0,0,0,0,0,0,0
208658359,0.0,0.0,-1.0,0.0,0.0,0.0,1.0,1.0,0.0,4,0,0,0,0,0,0,0,0,0,0
209151175,0.0,0.0,-1.0,0.0,0.0,0.0,1.0,1.0,0.0,4,0,0,0,0,0,0,0,0,0,0
209655170,0.0,0.0,-1.0,0.0,0.0,0.0,1.0,1.0,0.0,4,0,0,0,0,0,0,0,0,0,0
210159191,0.0,0.0,-1.0,0.0,0.0,0.0,1.0,1.0,0.0,4,0,0,0,0,0,0,0,0,0,0
210651912,0.0,0.0,-1.0,0.0,0.0,0.0,1.0,1.0,0.0,4,0,0,0,0,0,0,0,0,0,0
211155924,0.0,0.0,-1.0,0.0,0.0,0.0,1.0,1.0,0.0,4,0,0,0,0,0,0,0,0,0,0
211660795,0.0,0.0,-1.0,0.0,0.0,0.0,1.0,1.0,0.0,4,0,0,0,0,0,0,0,0,0,0
212152796,0.0,0.0,-1.0,0.0,0.0,0.0,1.0,1.0,0.0,4,0,0,0,0,0,0,0,0,0,0
212656738,0.0,0.0,-1.0,0.0,0.0,0.0,1.0,1.0,0.0,4,0,0,0,0,0,0,0,0,0,0
213161537,0.0,0.0,-1.0,0.0,0.0,0.0,1.0,1.0,0.0,4,0,0,0,0,0,0,0,0,0,0
213665559,0.0,0.0,-1.0,0.0,0.0,0.0,1.0,1.0,0.0,4,0,0,0,0,0,0,0,0,0,0
214170355,0.0,0.0,-1.0,0.0,0.0,0.0,1.0,1.0,0.0,4,0,0,0,0,0,0,0,0,0,0
214662361,0.0,0.0,-1.0,0.0,0.0,0.0,1.0,1.0,0.0,4,0,0,0,0,0,0,0,0,0,0
215166374,0.0,0.0,-1.0,0.0,0.0,0.0,1.0,1.0,0.0,4,0,0,0,0,0,0,0,0,0,0
215671233,0.0,0.0,-1.0,0.0,0.0,0.0,1.0,1.0,0.0,4,0,0,0,0,0,0,0,0,0,0
216175161,0.0,0.0,-1.0,0.0,0.0,0.0,1.0,1.0,0.0,4,0,0,0,0,0,0,0,0,0,0
216667955,0.0,0.0,-1.0,0.0,0.0,0.0,1.0,1.0,0.0,4,0,0,0,0,0,0,0,0,0,0
217171922,0.0,0.0,-1.0,0.0,0.0,0.0,1.0,1.0,0.0,4,0,0,0,0,0,0,0,0,0,0
217676722,0.0,0.0,-1.0,0.0,0.0,0.0,1.0,1.0,0.0,4,0,0,0,0,0,0,0,0,0,0
218180742,0.0,0.0,-1.0,0.0,0.0,0.0,1.0,1.0,0.0,4,0,0,0,0,0,0,0,0,0,0
218684862,0.0,0.0,-1.0,0.0,0.0,0.0,1.0,1.0,0.0,4,0,0,0,0,0,0,0,0,0,0
219177558,0.0,0.0,-1.0,0.0,0.0,0.0,1.0,1.0,0.0,4,0,0,0,0,0,0,0,0,0,0
219681552,0.0,0.0,-1.0,0.0,0.0,0.0,1.0,1.0,0.0,4,0,0,0,0,0,0,0,0,0,0
220186346,0.0,0.0,-1.0,0.0,0.0,0.0,1.0,1.0,0.0,4,0,0,0,0,0,0,0,0,0,0
220690338,0.0,0.0,-1.0,0.0,0.0,0.0,1.0,1.0,0.0,4,0,0,0,0,0,0,0,0,0,0
221194424,0.0,0.0,-1.0,0.0,0.0,0.0,1.0,1.0,0.0,4,0,0,0,0,0,0,0,0,0,0
221687177,0.0,0.0,-1.0,0.0,0.0,0.0,1.0,1.0,0.0,4,0,0,0,0,0,0,0,0,0,0
222191137,0.0,0.0,-1.0,0.0,0.0,0.0,1.0,1.0,0.0,4,0,0,0,0,0,0,0,0,0,0
222695938,0.0,0.0,-1.0,0.0,0.0,0.0,1.0,1.0,0.0,4,0,0,0,0,0,0,0,0,0,0
223199957,0.0,0.0,-1.0,0.0,0.0,0.0,1.0,1.0,0.0,4,0,0,0,0,0,0,0,0,0,0
223692823,0.0,0.0,-1.0,0.0,0.0,0.0,1.0,1.0,0.0,4,0,0,0,0,0,0,0,0,0,0
224196739,0.0,0.0,-1.0,0.0,0.0,0.0,1.0,1.0,0.0,4,0,0,0,0,0,0,0,0,0,0
224700806,0.0,0.0,-1.0,0.0,0.0,0.0,1.0,1.0,0.0,4,0,0,0,0,0,0,0,0,0,0
225205617,0.0,0.0,-1.0,0.0,0.0,0.0,1.0,1.0,0.0,4,0,0,0,0,0,0,0,0,0,0
225709542,0.0,0.0,-1.0,0.0,0.0,0.0,1.0,1.0,0.0,4,0,0,0,0,0,0,0,0,0,0
226202391,0.0,0.0,-1.0,0.0,0.0,0.0,1.0,1.0,0.0,4,0,0,0,0,0,0,0,0,0,0
226706367,0.0,0.0,-1.0,0.0,0.0,0.0,1.0,1.0,0.0,4,0,0,0,0,0,0,0,0,0,0
227211146,0.0,0.0,-1.0,0.0,0.0,0.0,1.0,1.0,0.0,4,0,0,0,0,0,0,0,0,0,0
227703252,0.0,0.0,-1.0,0.0,0.0,0.0,1.0,1.0,0.0,4,0,0,0,0,0,0,0,0,0,0
228207204,0.0,0.0,-1.0,0.0,0.0,0.0,1.0,1.0,0.0,4,0,0,0,0,0,0,0,0,0,0
228711918,0.0,0.0,-1.0,0.0,0.0,0.0,1.0,1.0,0.0,4,0,0,0,0,0,0,0,0,0,0
229215984,0.0,0.0,-1.0,0.0,0.0,0.0,1.0,1.0,0.0,4,0,0,0,0,0,0,0,0,0,0
229708745,0.0,0.0,-1.0,0.0,0.0,0.0,1.0,1.0,0.0,4,0,0,0,0,0,0,0,0,0,0
230212715,0.0,0.0,-1.0,0.0,0.0,0.0,1.0,1.0,0.0,4,0,0,0,0,0,0,0,0,0,0
230716794,0.0,0.0,-1.0,0.0,0.0,0.0,1.0,1.0,0.0,4,0,0,0,0,0,0,0,0,0,0
231221546,0.0,0.0,-1.0,0.0,0.0,0.0,1.0,1.0,0.0,4,0,0,0,0,0,0,0,0,0,0
231713588,0.0,0.0,-1.0,0.0,0.0,0.0,1.0,1.0,0.0,4,0,0,0,0,0,0,0,0,0,0
232218340,0.0,0.0,-1.0,0.0,0.0,0.0,1.0,1.0,0.0,4,0,0,0,0,0,0,0,0,0,0
232722386,0.0,0.0,-1.0,0.0,0.0,0.0,1.0,1.0,0.0,4,0,0,0,0,0,0,0,0,0,0
233214455,0.0,0.0,-1.0,0.0,0.0,0.0,1.0,1.0,0.0,4,0,0,0,0,0,0,0,0,0,0
233719167,0.0,0.0,-1.0,0.0,0.0,0.0,1.0,1.0,0.0,4,0,0,0,0,0,0,0,0,0,0
234223305,0.0,0.0,-1.0,0.0,0.0,0.0,1.0,1.0,0.0,4,0,0,0,0,0,0,0,0,0,0
234715996,0.0,0.0,-1.0,0.0,0.0,0.0,1.0,1.0,0.0,4,0,0,0,0,0,0,0,0,0,0
235219920,0.0,0.0,-1.0,0.0,0.0,0.0,1.0,1.0,0.0,4,0,0,0,0,0,0,0,0,0,0
235724857,0.0,0.0,-1.0,0.0,0.0,0.0,1.0,1.0,0.0,4,0,0,0,0,0,0,0,0,0,0
236216812,0.0,0.0,-1.0,0.0,0.0,0.0,1.0,1.0,0.0,4,0,0,0,0,0,0,0,0,0,0
236721594,0.0,0.0,-1.0,0.0,0.0,0.0,1.0,1.0,0.0,4,0,0,0,0,0,0,0,0,0,0
237225562,0.0,0.0,-1.0,0.0,0.0,0.0,1.0,1.0,0.0,4,0,0,0,0,0,0,0,0,0,0
237717584,0.0,0.0,-1.0,0.0,0.0,0.0,1.0,1.0,0.0,4,0,0,0,0,0,0,0,0,0,0
238222345,0.0,0.0,-1.0,0.0,0.0,0.0,1.0,1.0,0.0,4,0,0,0,0,0,0,0,0,0,0
238726343,0.0,0.0,-1.0,0.0,0.0,0.0,1.0,1.0,0.0,4,0,0,0,0,0,0,0,0,0,0
239219212,0.0,0.0,-1.0,0.0,0.0,0.0,1.0,1.0,0.0,4,0,0,0,0,0,0,0,0,0,0
239723225,0.0,0.0,-1.0,0.0,0.0,0.0,1.0,1.0,0.0,4,0,0,0,0,0,0,0,0,0,0
240227255,0.0,0.0,-1.0,0.0,0.0,0.0,1.0,1.0,0.0,4,0,0,0,0,0,0,0,0,0,0
240719954,0.0,0.0,-1.0,0.0,0.0,0.0,1.0,1.0,0.0,4,0,0,0,0,0,0,0,0,0,0
241224894,0.0,0.0,-1.0,0.0,0.0,0.0,1.0,1.0,0.0,4,0,0,0,0,0,0,0,0,0,0
241728775,0.0,0.0,-1.0,0.0,0.0,0.0,1.0,1.0,0.0,4,0,0,0,0,0,0,0,0,0,0
242232805,0.0,0.0,-1.0,0.0,0.0,0.0,1.0,1.0,0.0,4,0,0,0,0,0,0,0,0,0,0
242725540,0.0,0.0,-1.0,0.0,0.0,0.0,1.0,1.0,0.0,4,0,0,0,0,0,0,0,0,0,0
243229561,0.0,0.0,-1.0,0.0,0.0,0.0,1.0,1.0,0.0,4,0,0,0,0,0,0,0,0,0,0
243733598,0.0,0.0,-1.0,0.0,0.0,0.0,1.0,1.0,0.0,4,0,0,0,0,0,0,0,0,0,0
244238344,0.0,0.0,-1.0,0.0,0.0,0.0,1.0,1.0,0.0,4,0,0,0,0,0,0,0,0,0,0
244730326,0.0,0.0,-1.0,0.0,0.0,0.0,1.0,1.0,0.0,4,0,0,0,0,0,0,0,0,0,0
245235192,0.0,0.0,-1.0,0.0,0.0,0.0,1.0,1.0,0.0,4,0,0,0,0,0,0,0,0,0,0
245739224,0.0,0.0,-1.0,0.0,0.0,0.0,1.0,1.0,0.0,4,0,0,0,0,0,0,0,0,0,0
246231934,0.0,0.0,-1.0,0.0,0.0,0.0,1.0,1.0,0.0,4,0,0,0,0,0,0,0,0,0,0
246735911,0.0,0.0,-1.0,0.0,0.0,0.0,1.0,1.0,0.0,4,0,0,0,0,0,0,0,0,0,0
247240737,0.0,0.0,-1.0,0.0,0.0,0.0,1.0,1.0,0.0,4,0,0,0,0,0,0,0,0,0,0
247732838,0.0,0.0,-1.0,0.0,0.0,0.0,1.0,1.0,0.0,4,0,0,0,0,0,0,0,0,0,0
248236718,0.0,0.0,-1.0,0.0,0.0,0.0,1.0,1.0,0.0,4,0,0,0,0,0,0,0,0,0,0
248741508,0.0,0.0,-1.0,0.0,0.0,0.0,1.0,1.0,0.0,4,0,0,0,0,0,0,0,0,0,0
249233596,0.0,0.0,-1.0,0.0,0.0,0.0,1.0,1.0,0.0,4,0,0,0,0,0,0,0,0,0,0
249738385,0.0,0.0,-1.0,0.0,0.0,0.0,1.0,1.0,0.0,4,0,0,0,0,0,0,0,0,0,0
250242332,0.0,0.0,-1.0,0.0,0.0,0.0,1.0,1.0,0.0,4,0,0,0,0,0,0,0,0,0,0
250735166,0.0,0.0,-1.0,0.0,0.0,0.0,1.0,1.0,0.0,4,0,0,0,0,0,0,0,0,0,0
251239207,0.0,0.0,-1.0,0.0,0.0,0.0,1.0,1.0,0.0,4,0,0,0,0,0,0,0,0,0,0
251743157,0.0,0.0,-1.0,0.0,0.0,0.0,1.0,1.0,0.0,4,0,0,0,0,0,0,0,0,0,0
252235936,0.0,0.0,-1.0,0.0,0.0,0.0,1.0,1.0,0.0,4,0,0,0,0,0,0,0,0,0,0
252739967,0.0,0.0,-1.0,0.0,0.0,0.0,1.0,1.0,0.0,4,0,0,0,0,0,0,0,0,0,0
253244794,0.0,0.0,-1.0,0.0,0.0,0.0,1.0,1.0,0.0,4,0,0,0,0,0,0,0,0,0,0
253736743,0.0,0.0,-1.0,0.0,0.0,0.0,1.0,1.0,0.0,4,0,0,0,0,0,0,0,0,0,0
254241551,0.0,0.0,-1.0,0.0,0.0,0.0,1.0,1.0,0.0,4,0,0,0,0,0,0,0,0,0,0
254745583,0.0,0.0,-1.0,0.0,0.0,0.0,1.0,1.0,0.0,4,0,0,0,0,0,0,0,0,0,0
255249538,0.0,0.0,-1.0,0.0,0.0,0.0,1.0,1.0,0.0,4,0,0,0,0,0,0,0,0,0,0
255742361,0.0,0.0,-1.0,0.0,0.0,0.0,1.0,1.0,0.0,4,0,0,0,0,0,0,0,0,0,0
256246382,0.0,0.0,-1.0,0.0,0.0,0.0,1.0,1.0,0.0,4,0,0,0,0,0,0,0,0,0,0
256751170,0.0,0.0,-1.0,0.0,0.0,0.0,1.0,1.0,0.0,4,0,0,0,0,0,0,0,0,0,0
257243201,0.0,0.0,-1.0,0.0,0.0,0.0,1.0,1.0,0.0,4,0,0,0,0,0,0,0,0,0,0
257747949,0.0,0.0,-1.0,0.0,0.0,0.0,1.0,1.0,0.0,4,0,0,0,0,0,0,0,0,0,0
258251936,0.0,0.0,-1.0,0.0,0.0,0.0,1.0,1.0,0.0,4,0,0,0,0,0,0,0,0,0,0
258756777,0.0,0.0,-1.0,0.0,0.0,0.0,1.0,1.0,0.0,4,0,0,0,0,0,0,0,0,0,0
259248740,0.0,0.0,-1.0,0.0,0.0,0.0,1.0,1.0,0.0,4,0,0,0,0,0,0,0,0,0,0
259752735,0.0,0.0,-1.0,0.0,0.0,0.0,1.0,1.0,0.0,4,0,0,0,0,0,0,0,0,0,0
260257536,0.0,0.0,-1.0,0.0,0.0,0.0,1.0,1.0,0.0,4,0,0,0,0,0,0,0,0,0,0
260761531,0.0,0.0,-1.0,0.0,0.0,0.0,1.0,1.0,0.0,4,0,0,0,0,0,0,0,0,0,0
261266320,0.0,0.0,-1.0,0.0,0.0,0.0,1.0,1.0,0.0,4,0,0,0,0,0,0,0,0,0,0
261758410,0.0,0.0,-1.0,0.0,0.0,0.0,1.0,1.0,0.0,4,0,0,0,0,0,0,0,0,0,0
262262371,0.0,0.0,-1.0,0.0,0.0,0.0,1.0,1.0,0.0,4,0,0,0,0,0,0,0,0,0,0
262767171,0.0,0.0,-1.0,0.0,0.0,0.0,1.0,1.0,0.0,4,0,0,0,0,0,0,0,0,0,0
263271230,0.0,0.0,-1.0,0.0,0.0,0.0,1.0,1.0,0.0,4,0,0,0,0,0,0,0,0,0,0
263763987,0.0,0.0,-1.0,0.0,0.0,0.0,1.0,1.0,0.0,4,0,0,0,0,0,0,0,0,0,0
264267949,0.0,0.0,-1.0,0.0,0.0,0.0,1.0,1.0,0.0,4,0,0,0,0,0,0,0,0,0,0
264772817,0.0,0.0,-1.0,0.0,0.0,0.0,1.0,1.0,0.0,4,0,0,0,0,0,0,0,0,0,0
265276722,0.0,0.0,-1.0,0.0,0.0,0.0,1.0,1.0,0.0,4,0,0,0,0,0,0,0,0,0,0
265769581,0.0,0.0,-1.0,0.0,0.0,0.0,1.0,1.0,0.0,4,0,0,0,0,0,0,0,0,0,0
266273584,0.0,0.0,-1.0,0.0,0.0,0.0,1.0,1.0,0.0,4,0,0,0,0,0,0,0,0,0,0
266777547,0.0,0.0,-1.0,0.0,0.0,0.0,1.0,1.0,0.0,4,0,0,0,0,0,0,0,0,0,0
267282385,0.0,0.0,-1.0,0.0,0.0,0.0,1.0,1.0,0.0,4,0,0,0,0,0,0,0,0,0,0
267786400,0.0,0.0,-1.0,0.0,0.0,0.0,1.0,1.0,0.0,4,0,0,0,0,0,0,0,0,0,0
268279170,0.0,0.0,-1.0,0.0,0.0,0.0,1.0,1.0,0.0,4,0,0,0,0,0,0,0,0,0,0
268783233,0.0,0.0,-1.0,0.0,0.0,0.0,1.0,1.0,0.0,4,0,0,0,0,0,0,0,0,0,0
269287970,0.0,0.0,-1.0,0.0,0.0,0.0,1.0,1.0,0.0,4,0,0,0,0,0,0,0,0,0,0
269791948,0.0,0.0,-1.0,0.0,0.0,0.0,1.0,1.0,0.0,4,0,0,0,0,0,0,0,0,0,0
270284786,0.0,0.0,-1.0,0.0,0.0,0.0,1.0,1.0,0.0,4,0,0,0,0,0,0,0,0,0,0
270788741,0.0,0.0,-1.0,0.0,0.0,0.0,1.0,1.0,0.0,4,0,0,0,0,0,0,0,0,0,0
271292795,0.0,0.0,-1.0,0.0,0.0,0.0,1.0,1.0,0.0,4,0,0,0,0,0,0,0,0,0,0
271797551,0.0,0.0,-1.0,0.0,0.0,0.0,1.0,1.0,0.0,4,0,0,0,0,0,0,0,0,0,0
272301567,0.0,0.0,-1.0,0.0,0.0,0.0,1.0,1.0,0.0,4,0,0,0,0,0,0,0,0,0,0
272794348,0.0,0.0,-1.0,0.0,0.0,0.0,1.0,1.0,0.0,4,0,0,0,0,0,0,0,0,0,0
273298358,0.0,0.0,-1.0,0.0,0.0,0.0,1.0,1.0,0.0,4,0,0,0,0,0,0,0,0,0,0
273802361,0.0,0.0,-1.0,0.0,0.0,0.0,1.0,1.0,0.0,4,0,0,0,0,0,0,0,0,0,0
274307218,0.0,0.0,-1.0,0.0,0.0,0.0,1.0,1.0,0.0,4,0,0,0,0,0,0,0,0,0,0
274799198,0.0,0.0,-1.0,0.0,0.0,0.0,1.0,1.0,0.0,4,0,0,0,0,0,0,0,0,0,0
275303949,0.0,0.0,-1.0,0.0,0.0,0.0,1.0,1.0,0.0,4,0,0,0,0,0,0,0,0,0,0
275807931,0.0,0.0,-1.0,0.0,0.0,0.0,1.0,1.0,0.0,4,0,0,0,0,0,0,0,0,0,0
276312736,0.0,0.0,-1.0,0.0,0.0,0.0,1.0,1.0,0.0,4,0,0,0,0,0,0,0,0,0,0
276804795,0.0,0.0,-1.0,0.0,0.0,0.0,1.0,1.0,0.0,4,0,0,0,0,0,0,0,0,0,0
277308739,0.0,0.0,-1.0,0.0,0.0,0.0,1.0,1.0,0.0,4,0,0,0,0,0,0,0,0,0,0
277813586,0.0,0.0,-1.0,0.0,0.0,0.0,1.0,1.0,0.0,4,0,0,0,0,0,0,0,0,0,0
278317553,0.0,0.0,-1.0,0.0,0.0,0.0,1.0,1.0,0.0,4,0,0,0,0,0,0,0,0,0,0
278822397,0.0,0.0,-1.0,0.0,0.0,0.0,1.0,1.0,0.0,4,0,0,0,0,0,0,0,0,0,0
279314439,0.0,0.0,-1.0,0.0,0.0,0.0,1.0,1.0,0.0,4,0,0,0,0,0,0,0,0,0,0
279819213,0.0,0.0,-1.0,0.0,0.0,0.0,1.0,1.0,0.0,4,0,0,0,0,0,0,0,0,0,0
280323155,0.0,0.0,-1.0,0.0,0.0,0.0,1.0,1.0,0.0,4,0,0,0,0,0,0,0,0,0,0
280827233,0.0,0.0,-1.0,0.0,0.0,0.0,1.0,1.0,0.0,4,0,0,0,0,0,0,0,0,0,0
281319944,0.0,0.0,-1.0,0.0,0.0,0.0,1.0,1.0,0.0,4,0,0,0,0,0,0,0,0,0,0
281823915,0.0,0.0,-1.0,0.0,0.0,0.0,1.0,1.0,0.0,4,0,0,0,0,0,0,0,0,0,0
282328731,0.0,0.0,-1.0,0.0,0.0,0.0,1.0,1.0,0.0,4,0,0,0,0,0,0,0,0,0,0
282820771,0.0,0.0,-1.0,0.0,0.0,0.0,1.0,1.0,0.0,4,0,0,0,0,0,0,0,0,0,0
283324845,0.0,0.0,-1.0,0.0,0.0,0.0,1.0,1.0,0.0,4,0,0,0,0,0,0,0,0,0,0
283829535,0.0,0.0,-1.0,0.0,0.0,0.0,1.0,1.0,0.0,4,0,0,0,0,0,0,0,0,0,0
284321517,0.0,0.0,-1.0,0.0,0.0,0.0,1.0,1.0,0.0,4,0,0,0,0,0,0,0,0,0,0
284826309,0.0,0.0,-1.0,0.0,0.0,0.0,1.0,1.0,0.0,4,0,0,0,0,0,0,0,0,0,0
285330343,0.0,0.0,-1.0,0.0,0.0,0.0,1.0,1.0,0.0,4,0,0,0,0,0,0,0,0,0,0
285823221,0.0,0.0,-1.0,0.0,0.0,0.0,1.0,1.0,0.0,4,0,0,0,0,0,0,0,0,0,0
286327163,0.0,0.0,-1.0,0.0,0.0,0.0,1.0,1.0,0.0,4,0,0,0,0,0,0,0,0,0,0
286831234,0.0,0.0,-1.0,0.0,0.0,0.0,1.0,1.0,0.0,4,0,0,0,0,0,0,0,0,0,0
287323968,0.0,0.0,-1.0,0.0,0.0,0.0,1.0,1.0,0.0,4,0,0,0,0,0,0,0,0,0,0
287827944,0.0,0.0,-1.0,0.0,0.0,0.0,1.0,1.0,0.0,4,0,0,0,0,0,0,0,0,0,0
288332742,0.0,0.0,-1.0,0.0,0.0,0.0,1.0,1.0,0.0,4,0,0,0,0,0,0,0,0,0,0
288824867,0.0,0.0,-1.0,0.0,0.0,0.0,1.0,1.0,0.0,4,0,0,0,0,0,0,0,0,0,0
289329563,0.0,0.0,-1.0,0.0,0.0,0.0,1.0,1.0,0.0,4,0,0,0,0,0,0,0,0,0,0
289833560,0.0,0.0,-1.0,0.0,0.0,0.0,1.0,1.0,0.0,4,0,0,0,0,0,0,0,0,0,0
290325548,0.0,0.0,-1.0,0.0,0.0,0.0,1.0,1.0,0.0,4,0,0,0,0,0,0,0,0,0,0
290830375,0.0,0.0,-1.0,0.0,0.0,0.0,1.0,1.0,0.0,4,0,0,0,0,0,0,0,0,0,0
291334390,0.0,0.0,-1.0,0.0,0.0,0.0,1.0,1.0,0.0,4,0,0,0,0,0,0,0,0,0,0
291827193,0.0,0.0,-1.0,0.0,0.0,0.0,1.0,1.0,0.0,4,0,0,0,0,0,0,0,0,0,0
292331249,0.0,0.0,-1.0,0.0,0.0,0.0,1.0,1.0,0.0,4,0,0,0,0,0,0,0,0,0,0
292835167,0.0,0.0,-1.0,0.0,0.0,0.0,1.0,1.0,0.0,4,0,0,0,0,0,0,0,0,0,0
293339965,0.0,0.0,-1.0,0.0,0.0,0.0,1.0,1.0,0.0,4,0,0,0,0,0,0,0,0,0,0
293843920,0.0,0.0,-1.0,0.0,0.0,0.0,1.0,1.0,0.0,4,0,0,0,0,0,0,0,0,0,0
294336738,0.0,0.0,-1.0,0.0,0.0,0.0,1.0,1.0,0.0,4,0,0,0,0,0,0,0,0,0,0
294840736,0.0,0.0,-1.0,0.0,0.0,0.0,1.0,1.0,0.0,4,0,0,0,0,0,0,0,0,0,0
295345561,0.0,0.0,-1.0,0.0,0.0,0.0,1.0,1.0,0.0,4,0,0,0,0,0,0,0,0,0,0
295849518,0.0,0.0,-1.0,0.0,0.0,0.0,1.0,1.0,0.0,4,0,0,0,0,0,0,0,0,0,0
296341516,0.0,0.0,-1.0,0.0,0.0,0.0,1.0,1.0,0.0,4,0,0,0,0,0,0,0,0,0,0
296846314,0.0,0.0,-1.0,0.0,0.0,0.0,1.0,1.0,0.0,4,0,0,0,0,0,0,0,0,0,0
297350360,0.0,0.0,-1.0,0.0,0.0,0.0,1.0,1.0,0.0,4,0,0,0,0,0,0,0,0,0,0
297842344,0.0,0.0,-1.0,0.0,0.0,0.0,1.0,1.0,0.0,4,0,0,0,0,0,0,0,0,0,0
298347181,0.0,0.0,-1.0,0.0,0.0,0.0,1.0,1.0,0.0,4,0,0,0,0,0,0,0,0,0,0
298851232,0.0,0.0,-1.0,0.0,0.0,0.0,1.0,1.0,0.0,4,0,0,0,0,0,0,0,0,0,0
299343920,0.0,0.0,-1.0,0.0,0.0,0.0,1.0,1.0,0.0,4,0,0,0,0,0,0,0,0,0,0
299847938,0.0,0.0,-1.0,0.0,0.0,0.0,1.0,1.0,0.0,4,0,0,0,0,0,0,0,0,0,0
300352808,0.0,0.0,-1.0,0.0,0.0,0.0,1.0,1.0,0.0,4,0,0,0,0,0,0,0,0,0,0
300844797,0.0,0.0,-1.0,0.0,0.0,0.0,1.0,1.0,0.0,4,0,0,0,0,0,0,0,0,0,0
301348748,0.0,0.0,-1.0,0.0,0.0,0.0,1.0,1.0,0.0,4,0,0,0,0,0,0,0,0,0,0
301853592,0.0,0.0,-1.0,0.0,0.0,0.0,1.0,1.0,0.0,4,0,0,0,0,0,0,0,0,0,0
302345572,0.0,0.0,-1.0,0.0,0.0,0.0,1.0,1.0,0.0,4,0,0,0,0,0,0,0,0,0,0
302850393,0.0,0.0,-1.0,0.0,0.0,0.0,1.0,1.0,0.0,4,0,0,0,0,0,0,0,0,0,0
303354467,0.0,0.0,-1.0,0.0,0.0,0.0,1.0,1.0,0.0,4,0,0,0,0,0,0,0,0,0,0
303846333,0.0,0.0,-1.0,0.0,0.0,0.0,1.0,1.0,0.0,4,0,0,0,0,0,0,0,0,0,0
304351170,0.0,0.0,-1.0,0.0,0.0,0.0,1.0,1.0,0.0,4,0,0,0,0,0,0,0,0,0,0
304855179,0.0,0.0,-1.0,0.0,0.0,0.0,1.0,1.0,0.0,4,0,0,0,0,0,0,0,0,0,0
305347954,0.0,0.0,-1.0,0.0,0.0,0.0,1.0,1.0,0.0,4,0,0,0,0,0,0,0,0,0,0
305851938,0.0,0.0,-1.0,0.0,0.0,0.0,1.0,1.0,0.0,4,0,0,0,0,0,0,0,0,0,0
306356804,0.0,0.0,-1.0,0.0,0.0,0.0,1.0,1.0,0.0,4,0,0,0,0,0,0,0,0,0,0
306848738,0.0,0.0,-1.0,0.0,0.0,0.0,1.0,1.0,0.0,4,0,0,0,0,0,0,0,0,0,0
307352808,0.0,0.0,-1.0,0.0,0.0,0.0,1.0,1.0,0.0,4,0,0,0,0,0,0,0,0,0,0
307856729,0.0,0.0,-1.0,0.0,0.0,0.0,1.0,1.0,0.0,4,0,0,0,0,0,0,0,0,0,0
308361559,0.0,0.0,-1.0,0.0,0.0,0.0,1.0,1.0,0.0,4,0,0,0,0,0,0,0,0,0,0
308853574,0.0,0.0,-1.0,0.0,0.0,0.0,1.0,1.0,0.0,4,0,0,0,0,0,0,0,0,0,0
309358341,0.0,0.0,-1.0,0.0,0.0,0.0,1.0,1.0,0.0,4,0,0,0,0,0,0,0,0,0,0
309862341,0.0,0.0,-1.0,0.0,0.0,0.0,1.0,1.0,0.0,4,0,0,0,0,0,0,0,0,0,0
310355167,0.0,0.0,-1.0,0.0,0.0,0.0,1.0,1.0,0.0,4,0,0,0,0,0,0,0,0,0,0
310859186,0.0,0.0,-1.0,0.0,0.0,0.0,1.0,1.0,0.0,4,0,0,0,0,0,0,0,0,0,0
311363209,0.0,0.0,-1.0,0.0,0.0,0.0,1.0,1.0,0.0,4,0,0,0,0,0,0,0,0,0,0
311855940,0.0,0.0,-1.0,0.0,0.0,0.0,1.0,1.0,0.0,4,0,0,0,0,0,0,0,0,0,0
312359992,0.0,0.0,-1.0,0.0,0.0,0.0,1.0,1.0,0.0,4,0,0,0,0,0,0,0,0,0,0
312864818,0.0,0.0,-1.0,0.0,0.0,0.0,1.0,1.0,0.0,4,0,0,0,0,0,0,0,0,0,0
313356738,0.0,0.0,-1.0,0.0,0.0,0.0,1.0,1.0,0.0,4,0,0,0,0,0,0,0,0,0,0
313860742,0.0,0.0,-1.0,0.0,0.0,0.0,1.0,1.0,0.0,4,0,0,0,0,0,0,0,0,0,0
314365594,0.0,0.0,-1.0,0.0,0.0,0.0,1.0,1.0,0.0,4,0,0,0,0,0,0,0,0,0,0
314857530,0.0,0.0,-1.0,0.0,0.0,0.0,1.0,1.0,0.0,4,0,0,0,0,0,0,0,0,0,0
315361544,0.0,0.0,-1.0,0.0,0.0,0.0,1.0,1.0,0.0,4,0,0,0,0,0,0,0,0,0,0
315866361,0.0,0.0,-1.0,0.0,0.0,0.0,1.0,1.0,0.0,4,0,0,0,0,0,0,0,0,0,0
316358344,0.0,0.0,-1.0,0.0,0.0,0.0,1.0,1.0,0.0,4,0,0,0,0,0,0,0,0,0,0
316863231,0.0,0.0,-1.0,0.0,0.0,0.0,1.0,1.0,0.0,4,0,0,0,0,0,0,0,0,0,0
317367192,0.0,0.0,-1.0,0.0,0.0,0.0,1.0,1.0,0.0,4,0,0,0,0,0,0,0,0,0,0
317871182,0.0,0.0,-1.0,0.0,0.0,0.0,1.0,1.0,0.0,4,0,0,0,0,0,0,0,0,0,0
318363943,0.0,0.0,-1.0,0.0,0.0,0.0,1.0,1.0,0.0,4,0,0,0,0,0,0,0,0,0,0
318867933,0.0,0.0,-1.0,0.0,0.0,0.0,1.0,1.0,0.0,4,0,0,0,0,0,0,0,0,0,0
319372751,0.0,0.0,-1.0,0.0,0.0,0.0,1.0,1.0,0.0,4,0,0,0,0,0,0,0,0,0,0
319876738,0.0,0.0,-1.0,0.0,0.0,0.0,1.0,1.0,0.0,4,0,0,0,0,0,0,0,0,0,0
