timestamp,accel_inconsistency_m_s_s,gyro_inconsistency_rad_s,mag_inconsistency_ga
5308752,0.11413602,0.0051704324,0.101847455
5512846,0.117398866,0.0058331294,0.10007787
5716785,0.102741644,0.0052275215,0.101011015
5916775,0.11726799,0.006040149,0.101039514
6120776,0.106784314,0.0060291057,0.10118887
6325619,0.11087517,0.0050144475,0.10111095
6525642,0.10398317,0.006075876,0.100725785
6725626,0.117062524,0.006776774,0.10242207
6929622,0.10741651,0.0056357277,0.1048924
7133644,0.106675915,0.005805098,0.1012276
7334451,0.12148889,0.0063431775,0.10176714
7538432,0.113848515,0.0057050926,0.10218346
7742437,0.11628756,0.006264278,0.10147204
7946442,0.1042084,0.0064717885,0.10165769
8146453,0.10750574,0.0054192813,0.10062258
8350451,0.10975129,0.0074714585,0.10193016
8555396,0.10203295,0.0064333277,0.10157259
8755281,0.10658043,0.0056756646,0.10056448
8959233,0.11091796,0.007383583,0.100816645
9163295,0.098738484,0.0061231377,0.10096988
9367239,0.115005,0.0061299833,0.10176237
9568068,0.11178697,0.00700394,0.10146547
9772043,0.1109382,0.006109739,0.1015264
9976053,0.10433798,0.0058727656,0.10115392
10176075,0.10288205,0.006058059,0.10159293
10380838,0.11044789,0.0062582893,0.100315414
10584967,0.09882182,0.0064242217,0.10361067
10784929,0.11213987,0.005016009,0.10222076
10988944,0.10717265,0.0064737196,0.10236204
11192833,0.10832615,0.0065919063,0.1005846
11396834,0.11689637,0.0065203626,0.10161522
11596856,0.09938911,0.0064076544,0.10277243
11801642,0.11301653,0.006412118,0.10313655
12005635,0.10654184,0.005033346,0.100365564
12209629,0.10719135,0.005816968,0.10408344
12409665,0.112910666,0.005763411,0.10289068
12613776,0.09799602,0.0062286896,0.10231607
12818452,0.1133507,0.0066254316,0.10139425
13018432,0.109390184,0.0067171445,0.101405844
13222432,0.096382216,0.00538443,0.10240705
13426416,0.113326915,0.006893768,0.102499515
13630459,0.103398144,0.007059106,0.10056595
13830447,0.10963194,0.0063507785,0.10158718
14035238,0.1045014,0.0066938703,0.102325365
14239276,0.11153217,0.006050632,0.10177121
14439296,0.10008002,0.006701355,0.10140468
14643303,0.11242222,0.007039648,0.10265642
14847294,0.10001344,0.0065511838,0.10270912
15048009,0.1197247,0.0069310735,0.10128788
15252081,0.11735966,0.0068903533,0.10126364
15456030,0.11294105,0.006883746,0.10043671
15660049,0.106273375,0.0071878284,0.10105848
15860028,0.10698671,0.0065799663,0.10149938
16064893,0.11605821,0.0065466347,0.10160015
16268830,0.11443809,0.006434442,0.10258414
16468883,0.11142792,0.0061844806,0.10153155
16672863,0.114548355,0.005965906,0.102033205
16876860,0.1048576,0.005798873,0.10274728
17080833,0.12139038,0.006306027,0.099635705
17281628,0.108649604,0.0058180178,0.100979865
17485628,0.103455916,0.0070841387,0.10207836
17689621,0.11155924,0.005902877,0.10197186
17893637,0.10492183,0.0061769965,0.100477755
18093715,0.10377592,0.0063644666,0.10046006
18297652,0.109718874,0.0055357907,0.10163368
18502429,0.10798099,0.006565574,0.10233568
18702431,0.10546475,0.0056462022,0.10182825
18906472,0.09954433,0.0059044864,0.102670245
19110562,0.11167174,0.0067411815,0.10133518
19314571,0.10813036,0.005591527,0.10216902
19514516,0.09622649,0.0060276636,0.101221114
19719262,0.11181939,0.0055704326,0.10054757
19923276,0.103800334,0.0063154856,0.10103458
20123269,0.11326905,0.0066201594,0.1003396
20327266,0.109144665,0.0069293818,0.10072496
20531352,0.10578561,0.006018141,0.10105197
20732202,0.10424274,0.005840996,0.09883069
20936058,0.1044008,0.0063083204,0.099891625
21140080,0.10584829,0.0060645253,0.10030912
21344059,0.110015824,0.006647567,0.10107261
21545067,0.13142236,0.0058932235,0.100957364
21748820,0.11088019,0.006256291,0.10143085
21952858,0.10643912,0.005549133,0.102105424
22152975,0.11720371,0.0061375634,0.10046169
22356852,0.10911016,0.006250233,0.10061982
22560862,0.10986349,0.0066974866,0.10008144
22764959,0.113090284,0.0052259834,0.101507895
22965725,0.10659936,0.006824008,0.100746304
23169652,0.11659998,0.0067487713,0.10004573
23373706,0.11161885,0.006813124,0.10000259
23577651,0.104514234,0.0058379974,0.10177463
23777625,0.101134114,0.006151211,0.10045299
23981642,0.1091541,0.0063230847,0.10348776
24186432,0.1125178,0.0063435747,0.10157942
24386454,0.11345377,0.0058137444,0.10077556
24590470,0.104814395,0.006935866,0.10183844
24794421,0.1258734,0.0059791654,0.100419775
24998430,0.10692188,0.005982027,0.1011431
25199287,0.10341149,0.0059216768,0.10192147
25403277,0.10267522,0.0073586805,0.10052001
25607371,0.10697067,0.006378261,0.10092497
25807259,0.11172876,0.0058747865,0.100642264
26011251,0.1190509,0.006904911,0.102436975
26215247,0.11602303,0.0057282397,0.10066585
26416032,0.11461989,0.0066987444,0.10080699
26620012,0.103116795,0.0055321003,0.10114572
26824059,0.11011403,0.005144874,0.103053816
27028035,0.10655113,0.006688088,0.10282528
27228842,0.10459101,0.0056629973,0.10146489
27433032,0.10143231,0.0061005866,0.10271765
27636861,0.11053162,0.006199866,0.10310252
27836859,0.111620046,0.005433217,0.10161837
28040938,0.10393919,0.0069063585,0.10187274
28244913,0.120099895,0.006375638,0.10250059
28448808,0.112210035,0.006518343,0.100480095
28649635,0.11458216,0.0062604346,0.10159543
28853769,0.113542624,0.006606376,0.10157074
29057623,0.117630064,0.006533863,0.102134086
29261632,0.10952396,0.0061582355,0.10202469
29461655,0.11938015,0.0066642268,0.10261708
29665631,0.10252684,0.0069264364,0.10125075
29870463,0.11318687,0.006019184,0.10216342
30070460,0.11713219,0.0060945963,0.101367705
30274437,0.10383052,0.0066252225,0.10077908
30478450,0.100946955,0.007743065,0.09985218
30682440,0.10360357,0.0062831016,0.100421645
30883260,0.10480792,0.0063317,0.100599304
31087284,0.11242267,0.006969163,0.1006257
31291261,0.11609228,0.0068448912,0.100836486
31491390,0.10815779,0.006571605,0.0994237
31695280,0.10592525,0.006077336,0.09970933
31899308,0.09966384,0.006052087,0.10132262
32100051,0.12120849,0.0059719416,0.10136269
32304071,0.11156001,0.005292182,0.10303566
32508020,0.10925871,0.006327146,0.102092445
32712082,0.107827835,0.0064056125,0.10192507
32912169,0.10859429,0.0060367463,0.10124975
33116844,0.09701003,0.006138404,0.10069955
33320822,0.1065954,0.006706426,0.10050483
33520857,0.10729538,0.0065434566,0.100015186
33724935,0.10117216,0.006295376,0.102229916
33928880,0.10812162,0.0065367115,0.10210227
34133004,0.103171684,0.006381429,0.10100107
34333649,0.1043272,0.006715676,0.09744961
34537660,0.11140072,0.006908517,0.100836925
34741641,0.11597631,0.0067599057,0.10127536
34945597,0.1177117,0.0071225157,0.1008151
35145779,0.11089597,0.0061560194,0.10082832
35349657,0.11157219,0.0058514997,0.10104906
35554462,0.10426157,0.007205913,0.10293455
35754589,0.10657265,0.0062749246,0.101168595
35958485,0.10948613,0.0066550216,0.1023967
36162458,0.111731306,0.006360767,0.10092514
36366487,0.11204278,0.0074395034,0.10108322
36566455,0.11643204,0.0061703417,0.10021128
36771263,0.0974593,0.0060448637,0.10074692
36975276,0.10993161,0.0060084574,0.10233333
37175274,0.11244502,0.00634894,0.10169562
37379282,0.10065641,0.005825823,0.10146808
37583280,0.117225796,0.0062310407,0.100622825
37784059,0.12306686,0.006700657,0.100912996
37988062,0.10044553,0.006914753,0.10132916
38192050,0.1161802,0.005321438,0.10199122
38396044,0.112988956,0.006978382,0.101125024
38596035,0.10525959,0.0076637575,0.10131953
38800823,0.11356486,0.005807221,0.10231744
39004942,0.11664828,0.00663578,0.10089396
39204895,0.10568333,0.00614121,0.10153778
39408861,0.11268043,0.0060565127,0.10122764
39612837,0.10502802,0.0066366745,0.10207133
39816862,0.109663166,0.0053311363,0.10186791
40016873,0.11548005,0.0063382853,0.10183498
40221696,0.110938564,0.0067100055,0.10179671
40425721,0.11205032,0.00690251,0.10113326
40629644,0.10773345,0.006869983,0.10167503
40829645,0.11621268,0.006398069,0.100999564
41033721,0.11706898,0.0070457417,0.10211195
41238430,0.11225932,0.006247624,0.10220584
41438428,0.103758216,0.0066257194,0.10221187
41642434,0.11481843,0.0052944547,0.101417154
41846440,0.114615284,0.0063255266,0.10321194
42050472,0.11415208,0.0064870226,0.1019464
42250459,0.10775941,0.0065115467,0.10114227
42455274,0.11585528,0.006298922,0.101602994
42659308,0.1124922,0.006692875,0.101265766
42859262,0.11317163,0.0064522815,0.101912566
43063274,0.11850873,0.0068008825,0.10209502
43267262,0.11530198,0.006477166,0.1012179
43471280,0.11301962,0.00667792,0.10148099
43672010,0.12185539,0.0076793307,0.100025214
43876063,0.11008837,0.0064460137,0.10114766
44080025,0.10714228,0.006212424,0.100468904
44280044,0.107514665,0.006441766,0.100758485
44484969,0.11777533,0.005582324,0.10076277
44688851,0.11748061,0.005864208,0.10077238
44888828,0.11814844,0.0062987395,0.10178129
45092931,0.12107524,0.0062710596,0.10189367
45296829,0.11130476,0.0065961475,0.10163699
45500862,0.119403675,0.0062959483,0.1005996
45700843,0.11864313,0.007055454,0.10036797
45905643,0.112103574,0.0070919977,0.1008685
46109611,0.10658082,0.0056175897,0.10113618
46313765,0.10903606,0.0064790184,0.10064868
46513782,0.11227186,0.0074212407,0.0999997
46717662,0.111242,0.006091904,0.100219525
46921635,0.103086874,0.0053557614,0.101885974
47122502,0.10811651,0.0063293064,0.10237749
47326425,0.12032967,0.006922087,0.10208816
47530449,0.12215455,0.0064448453,0.10098439
47734442,0.11161687,0.006571668,0.10040755
47934401,0.11991157,0.0067851343,0.10047979
48139238,0.1194946,0.0072594346,0.099645026
48343262,0.1243464,0.0065614106,0.099509425
48543270,0.11992786,0.006631692,0.099090084
48747281,0.1130092,0.0063225133,0.099793434
48951416,0.10608384,0.00634948,0.1016705
49155279,0.112770654,0.0067915637,0.10037093
49356133,0.116459355,0.006056977,0.10079846
49560067,0.12155282,0.0064302348,0.09996559
49764006,0.10612203,0.006288051,0.10067819
49964075,0.110797584,0.0070459265,0.101096496
50168044,0.10862854,0.006312908,0.10106148
50372880,0.10641398,0.0066653793,0.10159393
50572858,0.11321681,0.0057498594,0.10080912
50776930,0.10530504,0.007088834,0.10084143
50980872,0.104642525,0.0074047144,0.101205766
51184942,0.1101399,0.006589107,0.101162285
51384962,0.10528472,0.0061331466,0.10105036
51588834,0.11641593,0.006816462,0.10195237
51793663,0.108725995,0.0063562742,0.10131848
51997625,0.10469041,0.006740067,0.10146955
52197627,0.11720607,0.007440383,0.10228422
52401656,0.11066968,0.006681306,0.10038449
52605627,0.121794745,0.006907271,0.101140045
52806453,0.12303601,0.007211153,0.10223684
53010465,0.110312425,0.0057162507,0.10205659
53214591,0.11322238,0.0061495444,0.10252485
53419041,0.10527772,0.0056753512,0.10177076
53618726,0.1102308,0.0059669283,0.10173559
53823322,0.105341,0.0065878346,0.10235048
54027522,0.11099155,0.006585776,0.1017727
54228045,0.11775999,0.0061137946,0.101088114
54431261,0.12069262,0.0072977934,0.1015217
54635567,0.10278137,0.00631794,0.10091834
54839287,0.112239,0.006015325,0.1007002
55039272,0.10655074,0.0068027335,0.10137303
55244295,0.122293234,0.0065343776,0.10238764
55448049,0.12107409,0.0068547805,0.10040564
55648029,0.12001657,0.005933791,0.10181203
55852247,0.112796634,0.0064660506,0.10044466
56056861,0.11532161,0.006546167,0.10116865
56256940,0.11222573,0.0070165987,0.10016432
56461453,0.11800381,0.0061553754,0.101267435
56664941,0.10976859,0.007134375,0.10088185
56869055,0.11421052,0.006793181,0.1005191
57069085,0.11512155,0.006876962,0.10131135
57273060,0.11422207,0.006501994,0.10112521
57478213,0.12724568,0.006776196,0.099972874
57681875,0.11735779,0.006877181,0.10078883
57881836,0.1147817,0.0062155146,0.100367375
58085986,0.106410705,0.0060518472,0.099562645
58289851,0.111801594,0.006875677,0.100104004
58490667,0.117870584,0.0061743967,0.10081808
58695713,0.12359273,0.005770114,0.1003417
58898705,0.11312021,0.0074973507,0.099525064
59102953,0.11453046,0.0067259697,0.099153064
59302988,0.11400308,0.005706046,0.09918896
59506693,0.10811406,0.0066268323,0.09884791
59711897,0.108097434,0.006214608,0.101086944
59911751,0.116528176,0.0061284653,0.100745425
60115829,0.1006987,0.006631396,0.0996443
60320005,0.10708111,0.007073842,0.099711195
60523543,0.103768125,0.00680168,0.09934417
60723499,0.107298575,0.006868208,0.09930372
60928985,0.11423459,0.006829408,0.098403975
61132239,0.10629552,0.0070731575,0.10075855
61332344,0.11287213,0.0067173634,0.09961637
61532291,0.110834606,0.0066843834,0.10151687
61737718,0.11521795,0.0063604144,0.100210704
61941086,0.1115158,0.005830808,0.10073701
62141090,0.104529545,0.006513058,0.101714805
62345481,0.111489825,0.0061949026,0.10029559
62549085,0.107755825,0.0061101206,0.0996449
62753620,0.124245934,0.006922358,0.10094105
62953515,0.12052427,0.0074592824,0.10174146
63157914,0.13366112,0.006501278,0.100665696
63362445,0.11743604,0.0068824952,0.1000094
63562457,0.11681252,0.0061283507,0.10138717
63765924,0.11805071,0.0063882614,0.10234008
63970579,0.11495852,0.0070281927,0.102313794
64174126,0.11036949,0.0064554424,0.10123911
64374697,0.11223584,0.00582737,0.10155498
64579065,0.10618282,0.0065092845,0.100945316
64782739,0.10714011,0.0063135694,0.10000251
64982741,0.107080474,0.006355579,0.101366326
65186980,0.10845071,0.007113848,0.102300964
65391557,0.120415844,0.0071310992,0.09887655
65596238,0.10969662,0.0064482833,0.10100397
65796199,0.12211014,0.0064160703,0.10056235
65999817,0.12525153,0.0065611294,0.10200546
66203771,0.114233844,0.0068274243,0.10275109
66403978,0.111889616,0.0071346955,0.10293037
66605337,0.11898679,0.00583109,0.10041824
66808289,0.11222708,0.006033454,0.102399446
67013102,0.10720889,0.0068052183,0.10117883
67212799,0.107719816,0.005735566,0.10105226
67416323,0.11308929,0.0058435723,0.102453016
67621713,0.109033406,0.0066620233,0.102892146
67821365,0.11042766,0.006686239,0.10058126
68025136,0.116173126,0.0063517396,0.10077067
68229542,0.1166458,0.0061016143,0.10073299
68433093,0.10597379,0.0057181315,0.10200692
68633108,0.104804225,0.007070371,0.10043833
68838297,0.11513627,0.006030649,0.10123096
69041922,0.12485965,0.0061526927,0.10190409
69246491,0.11453494,0.0066544125,0.10233853
69446424,0.11502131,0.006087198,0.10241528
69649880,0.12064234,0.0056288396,0.10036055
69854452,0.117898926,0.006206018,0.101309836
70055285,0.104588866,0.006385235,0.1017424
70258686,0.11773427,0.006612409,0.101574965
70463330,0.11458264,0.007093685,0.10131382
70666788,0.11368765,0.0062443176,0.10119978
70866774,0.10432503,0.007361343,0.10152121
71071286,0.10743932,0.0066656983,0.10076478
71275543,0.118602954,0.0057518133,0.10044083
71475510,0.10337,0.0071939463,0.10099242
71679932,0.11147359,0.0055491757,0.101309754
71883526,0.11242721,0.006340255,0.10088583
72088036,0.09792655,0.0075958967,0.10111196
72288772,0.11676861,0.0067830137,0.10030329
72492279,0.117424235,0.006358947,0.09904725
72696728,0.12142228,0.0067059924,0.09971574
72896854,0.10924119,0.0061672237,0.09979455
73096970,0.10783724,0.006267133,0.100678414
73301107,0.1117255,0.0060430816,0.10212015
73505468,0.11683466,0.0063790637,0.100414686
73705449,0.11962317,0.0062685567,0.10109399
73909068,0.11205627,0.0059956275,0.10074037
74113601,0.12513219,0.005318502,0.09900739
74313818,0.112978324,0.0059479754,0.10066856
74513691,0.10062413,0.007165223,0.10002066
74718119,0.11323095,0.006099897,0.10049669
74922562,0.11455568,0.0062252553,0.10009926
75125890,0.12225089,0.007289818,0.099762395
75325897,0.114600904,0.0062927683,0.100463785
75530489,0.11076342,0.0062082084,0.10172125
75734704,0.102201685,0.0058958754,0.09941728
75934705,0.11171869,0.0068024527,0.10141314
76139101,0.11668832,0.0063697584,0.101020224
76342708,0.117013514,0.0058035236,0.10137491
76547024,0.107381515,0.006461532,0.10066929
76747973,0.112220325,0.006238236,0.10035781
76951548,0.104100645,0.0064388495,0.10115085
77155858,0.106221534,0.0065232054,0.10002684
77356036,0.11596227,0.007069595,0.10076531
77559749,0.11558391,0.0066828467,0.100580834
77764133,0.11898605,0.00686942,0.100511804
77965035,0.11153008,0.0065545947,0.10220662
78164913,0.10192824,0.005972367,0.10044742
78368290,0.10544423,0.006350983,0.100759864
78572562,0.11324501,0.006552348,0.1012303
78776287,0.11644852,0.006271768,0.10109018
78977109,0.11113547,0.0075689717,0.10028641
79181431,0.11340269,0.0062227775,0.099719815
79381916,0.1171179,0.0066446764,0.102403164
79581549,0.11014661,0.007010463,0.103238694
79785163,0.1123053,0.006356473,0.100775085
79989450,0.10677181,0.006507614,0.101619184
80193101,0.11619428,0.0072173346,0.10156787
80393906,0.108852506,0.006283605,0.10131779
80598347,0.1122646,0.006323406,0.10077533
80801886,0.11373921,0.006826902,0.10066882
81006268,0.105905816,0.0065283077,0.10065634
81206202,0.09824464,0.0069477973,0.10122709
81409882,0.10537438,0.006040254,0.101150386
81615222,0.10871011,0.0067810128,0.101550646
81815124,0.1136049,0.006464904,0.10124033
82018670,0.10702159,0.0068940357,0.10095721
82223072,0.11302354,0.0062860413,0.101375654
82426701,0.11010939,0.00618811,0.100610495
82627510,0.10481058,0.006296831,0.10028661
82831880,0.11285793,0.006129687,0.10070407
83035566,0.0984301,0.0057547945,0.10159236
83235543,0.09865833,0.0062427884,0.100399
83440096,0.11033614,0.006048299,0.101604626
83643537,0.10821612,0.005897516,0.101499766
83844283,0.10895607,0.006884711,0.1004329
84044286,0.12025955,0.0058000227,0.10163165
84248695,0.11022884,0.006280253,0.10117506
84452298,0.10336744,0.0067755533,0.10155505
84653127,0.10808758,0.006823726,0.10155139
84857630,0.11904668,0.0052892296,0.10231659
85061103,0.09769755,0.006856537,0.1031469
85265753,0.102192335,0.006231421,0.099797234
85465813,0.10174817,0.006011235,0.10196878
85669095,0.10978692,0.0064059435,0.100459926
85873355,0.11405762,0.0076511987,0.10177333
86074342,0.11552747,0.006701535,0.101140246
86274229,0.108303376,0.006930512,0.10093346
86477897,0.12462538,0.006358513,0.099178374
86682222,0.1064761,0.007380663,0.101225875
86885949,0.11038306,0.0071328506,0.10047741
87086694,0.11441874,0.0055359085,0.10074404
87291174,0.11056858,0.006468887,0.098460086
87495037,0.11215048,0.007048018,0.100901544
87694770,0.11579076,0.0060784565,0.100425474
87899167,0.12013253,0.006291802,0.10086247
88102668,0.101290055,0.0070087453,0.101129934
88303521,0.12001648,0.0057040644,0.10052189
88508072,0.111535646,0.006849924,0.099855654
88711558,0.105363935,0.0062716873,0.09986392
88916040,0.10215602,0.0059315776,0.10044569
89116081,0.11047287,0.0063537084,0.10160871
89319516,0.11674826,0.0057070786,0.0993412
89524912,0.11629889,0.0056258896,0.10032407
89724544,0.11342373,0.005584349,0.10062267
89928314,0.10951295,0.006760337,0.099650994
90132812,0.10542844,0.006717587,0.10069197
90333685,0.109115936,0.006343315,0.09797437
90533922,0.113053344,0.0063025584,0.09977721
90737065,0.1265438,0.006221756,0.099467464
90941600,0.10682174,0.0067796395,0.10182579
91141436,0.11774916,0.0063255625,0.100863695
91341548,0.11786436,0.0067715896,0.09974163
91545302,0.10639812,0.0061884536,0.09942184
91750221,0.10835621,0.0068894085,0.1007494
91950270,0.11250804,0.0064651878,0.09967151
92150296,0.10975992,0.0065621114,0.100081556
92350233,0.114916444,0.006712333,0.09895804
92554161,0.10609534,0.0074589974,0.099137306
92759326,0.11395919,0.005605028,0.100084014
92959472,0.11356436,0.0064385007,0.101786226
93162746,0.12049268,0.0059824777,0.10092594
93367174,0.12070313,0.005761055,0.10038539
93567169,0.12220761,0.0069268094,0.10082612
93767245,0.12091923,0.0068918136,0.100391
93970720,0.11455526,0.0061885994,0.10110128
94175857,0.10572932,0.0059441114,0.100960955
94375870,0.10373344,0.0064996434,0.10084268
94575869,0.09765807,0.0055116573,0.10083364
94779736,0.11887405,0.006628489,0.099874444
94983850,0.11434079,0.0063544703,0.10067686
95184713,0.1172854,0.006825901,0.09977309
95385125,0.116039254,0.0062122145,0.10140838
95588348,0.123547666,0.005913782,0.102479935
95792841,0.11285578,0.0068725324,0.10169135
95992878,0.103862874,0.006853852,0.100882396
96193544,0.11623464,0.005975222,0.10204813
96397115,0.11456472,0.0062407698,0.10199877
96601791,0.11182122,0.0061254436,0.1011277
96801539,0.12519749,0.0059526847,0.10059484
97005143,0.11053017,0.006522238,0.101690374
97209465,0.10194563,0.0064736516,0.1007635
97413067,0.10592312,0.00678252,0.102561995
97613897,0.10698729,0.006288203,0.101427436
97818341,0.11592119,0.0069862455,0.10184288
98021921,0.10387777,0.0052763727,0.10283485
98226142,0.113212004,0.0060920552,0.102640554
98426398,0.120231725,0.006193294,0.10260119
98630765,0.11829999,0.0053545916,0.10245112
98835094,0.11881874,0.0060942415,0.10232149
99035293,0.116814174,0.0066174073,0.10290444
99238666,0.10192207,0.0055950005,0.10261429
99442955,0.12060426,0.006474732,0.10122761
99646772,0.11169443,0.0056049274,0.10098708
99847536,0.10439002,0.0069255177,0.10181952
100052105,0.11004929,0.006650307,0.102341644
100255515,0.10206509,0.006350621,0.10119588
100455568,0.10911923,0.006333133,0.10329266
100655546,0.11448527,0.0066939173,0.10221228
100860894,0.11092071,0.0054490264,0.10074657
101060921,0.11101608,0.00708199,0.10261689
101260775,0.117281154,0.00649892,0.1025283
101464293,0.12931348,0.0078162905,0.10235398
101668591,0.13803405,0.007220436,0.10185703
101869465,0.10282922,0.006101562,0.10238032
102069483,0.13853696,0.0048077693,0.101549655
102273076,0.12405567,0.0075036,0.104511485
102477364,0.10923531,0.01219596,0.10639911
102681068,0.124745615,0.01609631,0.10425634
102881114,0.143428,0.009080534,0.10493465
103085679,0.13935621,0.007359161,0.10922499
103289948,0.14327985,0.0109953,0.11775297
103489899,0.12988229,0.0050335797,0.12249035
103694445,0.13897894,0.011849295,0.12529278
103897893,0.09475147,0.005163314,0.12882793
104102481,0.18921953,0.021233087,0.12559587
104303474,0.18998647,0.006821696,0.12407703
104506728,0.19552423,0.011288462,0.12231412
104711225,0.18870696,0.0063843923,0.11738237
104911037,0.18019652,0.003602224,0.12011251
105115101,0.17969784,0.011921178,0.11900102
105319086,0.13021085,0.007550501,0.11809915
105519885,0.13814132,0.008429958,0.11794411
105720103,0.16915017,0.0034013914,0.12263578
105923839,0.18298104,0.006028424,0.12313589
106128242,0.18463702,0.0059899213,0.1271492
106331537,0.15056926,0.006445026,0.1277106
106531568,0.1354508,0.004503456,0.12253941
106736859,0.15040174,0.010453035,0.11004989
106940339,0.1508928,0.0041746334,0.10336884
107140630,0.2235323,0.00994633,0.09692597
107340306,0.18792042,0.010133953,0.09664885
107545546,0.22710118,0.019956566,0.09691602
107749127,0.13718453,0.01102012,0.09935525
107949135,0.15529194,0.0034795473,0.098350056
108153596,0.113153115,0.0046260715,0.09682962
108357147,0.10895775,0.0060677007,0.096001655
108561616,0.113277406,0.006374899,0.09848707
108761754,0.11771215,0.0067099873,0.0959219
108965939,0.11518694,0.0071217064,0.09716091
109170540,0.12074612,0.00651984,0.09680184
109370320,0.11915952,0.0061912,0.09478587
109573930,0.10950159,0.006686675,0.09649393
109778521,0.12125233,0.00600459,0.09780451
109979581,0.12432356,0.005795466,0.098358735
110178947,0.11746084,0.0060029845,0.098205395
110382702,0.1222089,0.0060305176,0.099361055
110587316,0.11651126,0.00518436,0.09487585
110790803,0.113117635,0.0070252554,0.096229985
110990747,0.1191791,0.0066424655,0.09547058
111195955,0.122041106,0.0065196855,0.09832639
111399820,0.117740355,0.0071854033,0.09595946
111599573,0.11453695,0.006972186,0.09872583
111803943,0.115001485,0.007598899,0.09718277
112007544,0.119033806,0.0062428205,0.09869517
112212169,0.11675855,0.007315064,0.096770376
112412749,0.12560964,0.0071375947,0.09816861
112616310,0.124817275,0.006612057,0.09647683
112820629,0.11984617,0.0060830778,0.09850715
113020810,0.12042887,0.0064519476,0.098585956
113220659,0.12016263,0.0053056944,0.09701486
113425170,0.11162443,0.0063479696,0.09833215
113629634,0.11781505,0.006111395,0.09855085
113829545,0.11462154,0.006124703,0.09621077
114033132,0.11460728,0.0059034936,0.09579283
114237416,0.12131588,0.0059191477,0.09646281
114441102,0.120572254,0.0057742274,0.09719068
114641085,0.11762414,0.006628382,0.10111982
114846260,0.124112956,0.0062450143,0.09824253
115049903,0.122355446,0.0063282987,0.09754131
115249926,0.115953155,0.0067234267,0.09804648
115454238,0.13034143,0.0071647386,0.09814889
115658709,0.114501506,0.0053776163,0.09786321
115858700,0.11741511,0.0067673638,0.09536546
116062980,0.11288928,0.006664041,0.0975609
116266701,0.11156671,0.0063933143,0.095909484
116470970,0.1186576,0.006351944,0.09668187
116671156,0.123569034,0.0062802867,0.097793885
116871048,0.12595983,0.0064587276,0.09780957
117075545,0.119317524,0.006210522,0.09672926
117280028,0.11849279,0.0057753357,0.09733098
117479909,0.12032213,0.006107376,0.09682817
117683523,0.122713305,0.006810046,0.09737901
117888045,0.10833628,0.0068073645,0.09810314
118088825,0.11682071,0.0067790663,0.09692969
118288674,0.12142119,0.0073648235,0.09596945
118492331,0.11231479,0.0062369043,0.096279435
118696787,0.112531245,0.006167823,0.098474346
118900314,0.122214265,0.007387725,0.09735157
119101109,0.11097334,0.0060464977,0.09579123
119305436,0.11493908,0.00618882,0.09691483
119509087,0.11189684,0.0065776524,0.09519505
119709092,0.11821159,0.006393613,0.0959253
119913601,0.11358471,0.006380068,0.09656839
120117156,0.11763604,0.0061746077,0.09532884
120317974,0.11097319,0.007290104,0.0954252
120517902,0.12078048,0.0072409157,0.09617979
120722252,0.11948603,0.0067245965,0.095649
120925913,0.11730807,0.0066041746,0.0963404
121130370,0.12188774,0.0066129854,0.09883729
121330414,0.12898913,0.006562802,0.09707162
121534715,0.123322986,0.006516591,0.09793362
121739090,0.12440154,0.006497494,0.0935854
121939128,0.12524939,0.0071005723,0.09631526
122142734,0.1096547,0.0076902513,0.09481221
122347232,0.11792888,0.0062728836,0.09422959
122547202,0.12203023,0.005757934,0.09817096
122747398,0.11574641,0.0065458906,0.09722261
122948162,0.11572333,0.005690119,0.096882805
123151557,0.12317788,0.006390932,0.09456961
123356078,0.1253293,0.0071088467,0.09751595
123555978,0.12284684,0.005730776,0.09622373
123759576,0.116338305,0.0057007032,0.09551946
123964847,0.12177876,0.0075041354,0.095439754
124165046,0.118678726,0.007031108,0.09834473
124364934,0.11357689,0.005962592,0.09964473
124568319,0.11635854,0.006130043,0.0963104
124772797,0.121208586,0.0064767436,0.09686753
124973975,0.12410635,0.006041836,0.09694409
125177108,0.121116504,0.0062088934,0.098993436
125381832,0.12593855,0.0065217335,0.09687848
125585145,0.12316038,0.0070494954,0.096740074
125785157,0.116887234,0.0050080353,0.09927254
125989450,0.12352816,0.0060692583,0.09949317
126193092,0.11676101,0.0070816805,0.09883435
126393955,0.12701939,0.007032548,0.09818619
126593938,0.1189124,0.006810232,0.096937165
126798390,0.12750086,0.007439949,0.09942182
127001893,0.12309127,0.0065925173,0.099266045
127206347,0.13079298,0.00679969,0.09944628
127406212,0.12497638,0.0067996453,0.09648246
127610725,0.12234384,0.0069841514,0.100083895
127815309,0.12844056,0.006949172,0.10047836
128015408,0.12274087,0.005756811,0.09826788
128218696,0.12233162,0.0063933893,0.09920977
128423211,0.117850125,0.006232329,0.09840565
128623913,0.12201998,0.007170007,0.09772851
128827553,0.23384583,0.005623565,0.0977832
129032102,0.16227907,0.006156857,0.09861768
129235512,0.13817586,0.005956169,0.09801464
129435546,0.12427603,0.0067455797,0.09764543
129640054,0.11953577,0.0061907177,0.099233724
129844288,0.12506217,0.006341737,0.097846635
130044314,0.12022658,0.0058065164,0.09723002
130244323,0.12485273,0.007096231,0.09695418
130448864,0.124454856,0.0065628383,0.09881318
130652271,0.117512725,0.0047351886,0.09864834
130853136,0.13235301,0.0044756313,0.09708868
131057561,0.12178582,0.011476176,0.09924511
131261078,0.11196784,0.007926793,0.09687832
131465749,0.12929522,0.0068855784,0.09754533
131665746,0.09917255,0.014816773,0.09600823
131869099,0.12510262,0.011669691,0.097647086
132073497,0.15132947,0.011585957,0.100723006
132274447,0.15660833,0.012220636,0.1065737
132474267,0.080352105,0.02118832,0.11586357
132677909,0.08614219,0.0049672155,0.12220137
132882400,0.15612616,0.01432571,0.12100437
133085917,0.13143024,0.01378164,0.11860956
133285941,0.13639945,0.011412589,0.116230614
133491210,0.15365283,0.0076492913,0.11188283
133694786,0.12639716,0.008921122,0.11451068
133894816,0.12209327,0.008667408,0.11311552
134099176,0.1101583,0.008188834,0.11125363
134302694,0.11746175,0.007832785,0.108068064
134503524,0.11743261,0.0061772927,0.110819034
134707887,0.11878791,0.0062544,0.10916361
134911549,0.15117897,0.0054465574,0.1082405
135116056,0.1543717,0.004357085,0.10937882
135316226,0.16019195,0.0067550032,0.11052564
135519572,0.1566549,0.007352732,0.110084966
135724807,0.12172898,0.0045289695,0.11226385
135924861,0.1734923,0.011814865,0.11270215
136124627,0.14197436,0.004142194,0.11351457
136328304,0.14905643,0.007888626,0.11738968
136532988,0.12817161,0.01030228,0.11476894
136733481,0.12023133,0.0049854354,0.113238804
136937164,0.16498803,0.009378385,0.11500014
137141463,0.13900238,0.0035178647,0.11296634
137345363,0.14177305,0.007175583,0.11277475
137545184,0.1340408,0.0074000903,0.11101833
137749601,0.13782415,0.0040302174,0.113946654
137953107,0.15421455,0.008930357,0.11424207
138153956,0.17103069,0.008620452,0.11400818
138353987,0.16230837,0.0038637016,0.11770283
138558595,0.15088665,0.00399259,0.11829426
138761945,0.1538541,0.009364846,0.117476426
138966428,0.16237125,0.002530874,0.11843831
139166250,0.16315395,0.009863577,0.11978968
139370756,0.1442636,0.0066907215,0.11850053
139575153,0.13425721,0.00807703,0.118253514
139775132,0.15311445,0.0062421635,0.11783419
139978754,0.17201819,0.0060478905,0.116971195
140182972,0.16617528,0.007465147,0.11640662
140386696,0.15744156,0.0074511613,0.11664863
140587557,0.13300954,0.004722074,0.11564411
140791827,0.12629285,0.0064646774,0.11556899
140995590,0.152247,0.007915593,0.11499194
141195519,0.15587498,0.0065012793,0.11240532
141400258,0.12054869,0.008548256,0.112680435
141603526,0.113164835,0.008009579,0.11091887
141804292,0.12666745,0.012168765,0.110100836
142004311,0.15140548,0.0092764795,0.11030037
142208851,0.16420776,0.0064007035,0.11324461
142412316,0.16157795,0.009391393,0.116046004
142616658,0.14066318,0.006692599,0.11629466
142817535,0.11744588,0.011160018,0.112729646
143021147,0.114381954,0.011277738,0.11203189
143225491,0.13724998,0.009606499,0.11306896
143425608,0.12178483,0.009260309,0.11267988
143629128,0.12317628,0.008884013,0.11117616
143833750,0.14896259,0.007286005,0.11503192
144037100,0.15439442,0.0058137984,0.11695873
144237972,0.16356978,0.009228613,0.11648553
144442482,0.11135409,0.0027490824,0.11820368
144645938,0.14618517,0.007873687,0.11330901
144845921,0.13961738,0.0072037354,0.11556161
145045920,0.12672752,0.012081164,0.114476494
145251248,0.14348821,0.010680731,0.11165065
145454705,0.12293309,0.007451116,0.11017053
145654782,0.13657503,0.0056930115,0.11026358
145858984,0.108972564,0.0059135724,0.11241859
146062751,0.08233493,0.008908938,0.11359708
146267168,0.14015079,0.00621459,0.11450283
146466978,0.10525028,0.0067018326,0.11494225
146667911,0.11513682,0.0076626916,0.111439146
146871821,0.19105256,0.008099152,0.10845612
147071550,0.19293544,0.007847797,0.10869703
147276035,0.12808928,0.004724086,0.10938846
147479752,0.18826517,0.010400797,0.11258953
147684568,0.16610922,0.0023652783,0.11363702
147884955,0.18554406,0.014544203,0.10986661
148088314,0.15329367,0.0094362395,0.11078697
148292612,0.13395658,0.0051969984,0.110260054
148496259,0.10692999,0.014816014,0.110488765
148697148,0.16920131,0.009306934,0.110662095
148901591,0.14680783,0.018090663,0.109548345
149101797,0.13837987,0.0067764646,0.11356821
149301498,0.18904331,0.007803914,0.11095314
149505163,0.16475333,0.015256178,0.1090637
149709485,0.15478458,0.011496924,0.105771996
149913365,0.12593722,0.0072740326,0.10637097
150113130,0.11056667,0.0119156735,0.09650478
150318225,0.0961608,0.009467335,0.093743525
150521886,0.1623785,0.0029761083,0.100831315
150726510,0.14838688,0.011025904,0.091652684
150926389,0.16759497,0.008575855,0.08789702
151129924,0.14593732,0.021979973,0.08052794
151334237,0.16459966,0.008174726,0.079859436
151535119,0.16400419,0.0061767646,0.08096737
151738723,0.20029676,0.0060110614,0.08048439
151942976,0.15740195,0.007375721,0.079204224
152146737,0.14170083,0.007867125,0.082929425
152347820,0.13493599,0.0074110874,0.07889968
152551997,0.13102773,0.015172762,0.07803496
152755538,0.15093477,0.013594372,0.07634091
152955559,0.19567733,0.0047995946,0.08073274
153160227,0.11931647,0.0066315522,0.08369816
153363707,0.17452955,0.009995947,0.088375024
153563504,0.114809826,0.0043897503,0.08729456
153768972,0.12609299,0.00930039,0.08846379
153972537,0.1647168,0.008152009,0.090268806
154176634,0.18743277,0.002749021,0.08861549
154376640,0.1269726,0.010899718,0.08559102
154580344,0.17504065,0.0030800952,0.08647184
154785540,0.1685159,0.0065208203,0.08408734
154985727,0.12781142,0.0073535494,0.08836627
155185499,0.16591227,0.016736109,0.09087583
155389123,0.16803308,0.0069740657,0.09518853
155593908,0.18880211,0.013155436,0.102640264
155797108,0.20268154,0.005706372,0.110900685
155997123,0.16465087,0.0071819313,0.11754044
156201558,0.17987196,0.012553396,0.113883734
156405940,0.18609822,0.0040084524,0.112940945
156605960,0.1590195,0.009051825,0.11499529
156810258,0.14503808,0.024066005,0.111703485
157014225,0.14610793,0.0118354885,0.11654956
157218261,0.11530551,0.004064307,0.11891179
157418323,0.11786766,0.013896811,0.11437165
157618977,0.16096227,0.0038022297,0.1140266
157823082,0.13510858,0.007454881,0.1148676
158027427,0.1068837,0.007033877,0.11308757
158227364,0.13423522,0.0061566764,0.12139862
158430755,0.12541905,0.009064299,0.12186852
158635313,0.12252564,0.009216458,0.12140873
158836024,0.16633189,0.0095393965,0.11522587
159039532,0.124592975,0.0057629235,0.11273835
159243867,0.12832168,0.009081866,0.11377045
159447529,0.11775795,0.005892705,0.113576844
159647543,0.17356142,0.008195147,0.11765056
159851928,0.18054959,0.008154209,0.11891732
160052882,0.1243392,0.008628879,0.11791977
160256365,0.14315291,0.007876568,0.120564416
160456310,0.15148482,0.010061782,0.11847046
160660810,0.14685383,0.008830406,0.12083332
160864277,0.18673652,0.008969488,0.12188713
161065176,0.13346216,0.0076914025,0.1240834
161269537,0.1564872,0.012827184,0.12708713
161473098,0.17538755,0.0071099736,0.13222945
161677617,0.10355715,0.012446662,0.1307145
161877449,0.18398646,0.007471749,0.12761436
162081137,0.1375565,0.0073484667,0.12959659
162285569,0.12008709,0.015657108,0.13103735
162485544,0.17637932,0.010216842,0.12805401
162689948,0.13226032,0.017750926,0.12948665
162894395,0.11655699,0.004934409,0.12997338
163097933,0.1417563,0.015886987,0.13200071
163297900,0.14334822,0.01054573,0.13307576
163502404,0.122651085,0.023600942,0.13604228
163705925,0.13895321,0.023545088,0.12875561
163906733,0.14001706,0.005732901,0.122982405
164106702,0.20028383,0.006185227,0.12052809
164311056,0.16770953,0.009933086,0.12369384
164515062,0.1545762,0.007259733,0.125053
164719398,0.1394688,0.00582845,0.12509243
164919240,0.13384007,0.009841309,0.12009486
165123554,0.11486809,0.0042608753,0.116805814
165327996,0.18008938,0.0071837334,0.1141496
165527906,0.14372551,0.010133123,0.114233516
165731566,0.14340836,0.010280483,0.11514041
165935876,0.16512561,0.0045963256,0.11727837
166139563,0.1066149,0.009850598,0.11528349
166340289,0.16331014,0.0069039287,0.12302298
166544799,0.15570728,0.009833981,0.11910996
166748305,0.14359954,0.0119416565,0.11965279
166948291,0.14245637,0.010424075,0.121549144
167152768,0.16958342,0.008629978,0.120706804
167357111,0.15946645,0.005005549,0.11901926
167557304,0.13418086,0.0150467865,0.11984715
167757299,0.16636649,0.008916467,0.11575723
167961761,0.12825175,0.013068241,0.115641735
168165152,0.16370471,0.006871295,0.11463302
168369408,0.15741229,0.012096059,0.116298884
168569425,0.11062455,0.0037152357,0.11532422
168773925,0.15276942,0.009926844,0.11274018
168978372,0.17613612,0.011623664,0.11378777
169178435,0.10479487,0.006156896,0.11230648
169378359,0.18133132,0.013691366,0.10924641
169581915,0.14364466,0.008619327,0.10946326
169786414,0.16841808,0.010908472,0.11129255
169987176,0.1308256,0.004430776,0.11594592
170191102,0.15568537,0.004472238,0.11589924
170395246,0.1094181,0.007929938,0.1150409
170595579,0.13181297,0.007801137,0.11671903
170795390,0.10950017,0.0059225284,0.118556336
170998709,0.17467941,0.0074563795,0.11909021
171203099,0.16832474,0.008651251,0.12056107
171403886,0.1013395,0.0047564567,0.11770906
171604062,0.178703,0.0072213826,0.11864331
171807764,0.13144368,0.007593793,0.11922422
172012081,0.14236194,0.00642354,0.119252026
172212378,0.20354554,0.008093168,0.118596375
172415529,0.11606342,0.008749677,0.11866391
172616368,0.13036221,0.0074765873,0.119894624
172820833,0.12996143,0.010200668,0.1184257
173024292,0.13551527,0.008885843,0.12247028
173224332,0.092873186,0.0036250579,0.1221104
173428795,0.12317554,0.012078743,0.118182994
173633144,0.14513962,0.009959029,0.12203935
173833109,0.098613985,0.0049900934,0.12510732
174037554,0.10542237,0.008783358,0.1283873
174241107,0.1634213,0.016887462,0.12537572
174445492,0.117869236,0.0039412384,0.11941135
174645458,0.11831231,0.01001482,0.116314106
174849083,0.18163948,0.0072977957,0.114550754
175054261,0.18431038,0.012043888,0.113064274
175254239,0.14245306,0.017706856,0.11662608
175457940,0.18109873,0.006842083,0.11466951
175662348,0.14942013,0.020585166,0.1153928
175865932,0.10911783,0.0038424684,0.1189284
176066234,0.07601244,0.005581378,0.11958841
176270954,0.11365354,0.006644527,0.12077499
176474939,0.10199891,0.006643242,0.12022478
176674948,0.17164579,0.006760534,0.117835544
176874961,0.11148369,0.010473469,0.120166324
177079029,0.118773684,0.005549606,0.11920283
177282763,0.135611,0.0099958675,0.11989002
177482789,0.12229056,0.006712867,0.11982034
177687954,0.12665886,0.0030339428,0.12228931
177891535,0.124199964,0.010588751,0.11979804
178095987,0.15598127,0.004763513,0.11865691
178295978,0.1066593,0.0069108736,0.1202745
178499557,0.11657731,0.01104649,0.114983976
178704081,0.103274316,0.009486941,0.114495546
178904653,0.14625242,0.011557251,0.11451276
179104610,0.16366272,0.012900454,0.11025207
179308296,0.09696982,0.0044911206,0.10632829
179513152,0.14687823,0.008077719,0.106905505
179716538,0.1508039,0.017104967,0.10523068
179917132,0.1529746,0.009317887,0.100031294
180121424,0.1462155,0.0064910175,0.095704615
180325174,0.14907683,0.013683173,0.09126776
180525169,0.085279904,0.013108775,0.09046908
180729720,0.14094938,0.01217837,0.08414908
180933115,0.15103735,0.014798912,0.08265709
181137531,0.114660166,0.012894652,0.080602355
181338390,0.17138533,0.014320597,0.08016622
181541914,0.17782071,0.024744809,0.07952304
181746379,0.1630541,0.004000718,0.079725824
181946229,0.12998293,0.005117641,0.08165593
182149905,0.1689227,0.014896581,0.08087496
182354167,0.1359795,0.0066151097,0.07985829
182557883,0.13407193,0.005726756,0.08032256
182758769,0.1539371,0.008001749,0.08047838
182963447,0.13846232,0.0056574875,0.08073087
183166718,0.13936436,0.0063433694,0.08158705
183366715,0.14970645,0.009643775,0.081004374
183571248,0.1740206,0.007816958,0.08095213
183774977,0.14615588,0.008486451,0.079193465
183975574,0.12506127,0.009786331,0.08031746
184179884,0.13475701,0.00857403,0.077755
184383708,0.09736319,0.012592429,0.080603965
184587871,0.12893027,0.0111727975,0.07572307
184787887,0.18097103,0.0100555215,0.07617972
184992342,0.13524708,0.014292848,0.074330516
185196936,0.11489375,0.0053694495,0.072399594
185400362,0.1495625,0.015381877,0.073341995
185600293,0.09446513,0.010240367,0.07430141
185804629,0.15565039,0.006697764,0.07672764
186008290,0.10548369,0.0075967824,0.08538414
186209119,0.13724923,0.00599179,0.07975235
186413682,0.14262818,0.008811835,0.08099128
186617142,0.12182622,0.011772015,0.08639739
186821623,0.13205704,0.0153359445,0.08783035
187021445,0.11953057,0.010981522,0.08934695
187225305,0.17377664,0.01883021,0.09377996
187429711,0.076177046,0.0061013526,0.09304719
187633183,0.13222465,0.015135555,0.092054494
187833969,0.14122212,0.027241252,0.08984297
188038207,0.13421635,0.0051955855,0.08859716
188241873,0.1564708,0.027526189,0.08975478
188441941,0.07634875,0.009370339,0.08925192
188646166,0.10218351,0.010354534,0.089254156
188849926,0.12337093,0.010277768,0.087945566
189050717,0.10717386,0.004871812,0.08618327
189255187,0.0705973,0.008866604,0.08526295
189458701,0.07910979,0.0063157594,0.08205938
189663440,0.124226704,0.0071522174,0.08507198
189863420,0.07423314,0.008402671,0.088559486
190066710,0.12576073,0.009109469,0.09044377
190272143,0.12815925,0.006187785,0.09114584
190472210,0.09647468,0.0077546122,0.0911044
190671977,0.106989026,0.0072405194,0.090521045
190875559,0.12601562,0.005237148,0.09213988
191079898,0.1687385,0.008466786,0.093975104
191283753,0.14998703,0.0102907475,0.0937182
191483528,0.12458222,0.006515398,0.08935135
191688818,0.14510618,0.0074789613,0.08926777
191892342,0.14031595,0.010537181,0.08781479
192092330,0.1420677,0.0013451888,0.08846881
192292328,0.12168717,0.007964074,0.08767496
192497026,0.12688611,0.010410572,0.08488091
192701140,0.105556026,0.007961397,0.080687694
192901122,0.16420959,0.0090740835,0.086619444
193105464,0.15292685,0.010904698,0.09040934
193309107,0.17304143,0.0034123335,0.091488436
193513362,0.13752906,0.021960596,0.09282581
193713603,0.10700613,0.006612147,0.09109566
193917894,0.14455299,0.01172467,0.08738935
194122337,0.14731818,0.013469286,0.08762039
194322383,0.11778651,0.010141061,0.08953507
194522600,0.111442916,0.016681323,0.08768999
194725919,0.11588782,0.010922035,0.08833076
194930568,0.14183347,0.008762079,0.08585673
195133904,0.10712867,0.020364895,0.08537945
195334709,0.12136037,0.0047074375,0.08639306
195539207,0.10848472,0.012822508,0.085104436
195742726,0.101430416,0.005094142,0.08815709
195942734,0.088053815,0.008871922,0.08521489
196147291,0.12724407,0.010402836,0.08868851
196350751,0.056988392,0.004662633,0.089889765
196555183,0.07084985,0.0062855645,0.08766543
196755887,0.12648991,0.010630138,0.0839421
196959574,0.08544348,0.0022659518,0.0848636
197164033,0.1798318,0.009844599,0.08719552
197364063,0.120117776,0.003981655,0.084585376
197567551,0.09744212,0.008151419,0.089145266
197771862,0.1526023,0.010085306,0.09129297
197972668,0.11723999,0.0070928107,0.088401124
198172625,0.10082192,0.012112012,0.084883384
198376288,0.12655245,0.016128594,0.0844545
198580549,0.12839939,0.00942068,0.085358076
198784303,0.12698603,0.0056120506,0.083875574
198985173,0.1470521,0.018949382,0.08526304
199189449,0.1255955,0.007617323,0.08832366
199393128,0.106908485,0.016983505,0.08531673
199593165,0.10977689,0.00696339,0.08753053
199797757,0.1468025,0.0027749883,0.08722636
200001097,0.13571388,0.01910517,0.08698143
200205706,0.08892003,0.007824692,0.08432428
200406333,0.09941973,0.010406971,0.08435964
200609876,0.13533625,0.010716729,0.085346155
200814400,0.12238397,0.0021305569,0.08490745
201014479,0.10867386,0.02187271,0.084484704
201214554,0.08377949,0.014679077,0.08975767
201418738,0.11858211,0.008626169,0.08859054
201623163,0.16113205,0.0063390685,0.085893646
201823105,0.12760895,0.008614639,0.086637184
202026736,0.12773025,0.008036737,0.086911835
202231177,0.09618982,0.008851865,0.08761813
202434695,0.08651472,0.008395472,0.08712981
202634705,0.13245055,0.010138907,0.08891725
202840040,0.12264598,0.009124882,0.09093196
203043732,0.18917479,0.0032058435,0.09056472
203243539,0.15753376,0.014049253,0.09138645
203447835,0.13143101,0.0045709326,0.094453394
203651837,0.119034804,0.00932487,0.09042529
203855921,0.13193235,0.0026991637,0.09004517
204055855,0.15716167,0.0066457223,0.0921181
204260335,0.14389601,0.012738638,0.09072953
204464978,0.10068856,0.01336725,0.090867296
204664851,0.13860215,0.009570604,0.089192465
204868274,0.16656336,0.008829342,0.08926475
205072833,0.11721301,0.009615908,0.0842626
205273441,0.18936566,0.008275502,0.09054473
205473416,0.12489205,0.008787295,0.09388105
205677101,0.09185293,0.014261384,0.09136895
205881534,0.13094495,0.013938237,0.08944499
206085132,0.1355823,0.01379245,0.090573445
206285165,0.12773213,0.005632699,0.08977062
206489622,0.14206895,0.020800347,0.089618914
206693915,0.076842956,0.0028253125,0.089063585
206893935,0.13777308,0.01624498,0.08819684
207093969,0.13445023,0.0060899258,0.09098876
207298323,0.11778329,0.002380498,0.08803963
207502218,0.13829583,0.013175069,0.09135019
207702720,0.12163522,0.023324953,0.091849685
207907121,0.1433914,0.0087546725,0.09138219
208110820,0.1411889,0.0053576576,0.090881355
208315275,0.11424192,0.0068082875,0.08495586
208515264,0.17389373,0.010023016,0.087675944
208719023,0.105581194,0.0077392785,0.08620554
208923133,0.14313234,0.007904366,0.08558952
209124033,0.10948314,0.010539206,0.08677856
209327734,0.10773232,0.009054774,0.08407439
209532088,0.15063734,0.006377543,0.0854703
209735547,0.14185049,0.014892194,0.08639137
209935523,0.17130779,0.0048037693,0.08235264
210139895,0.12394673,0.0077532455,0.08814644
210343529,0.13520536,0.005663849,0.0873657
210544334,0.13322064,0.0046640504,0.088744104
210744307,0.1234109,0.012548746,0.08738079
210948746,0.06657884,0.012745446,0.089769155
211152303,0.12808898,0.009822874,0.091973394
211353458,0.10074879,0.016516576,0.09114449
211557762,0.09229782,0.010537608,0.088331826
211761140,0.13952741,0.01976294,0.085860536
211965959,0.08546702,0.011572402,0.08547333
212166146,0.11263497,0.012854962,0.08343088
212369111,0.13163137,0.01559999,0.085975006
212573464,0.119259715,0.015453198,0.08875863
212777119,0.17015374,0.00879227,0.08226388
212977933,0.1485606,0.024414726,0.07871974
213182258,0.1181898,0.011723369,0.08013467
213386147,0.12001826,0.018784463,0.08038433
213585844,0.137234,0.021789135,0.07806023
213790248,0.09541608,0.013376027,0.07803209
213994651,0.12926447,0.015558826,0.082743175
214194811,0.14077638,0.005971851,0.08464831
214399255,0.124443874,0.0079815015,0.07872734
214602669,0.12944208,0.0048055947,0.08295275
214807126,0.11273331,0.004240746,0.08788038
215007046,0.118142605,0.0090766875,0.08702149
215210963,0.09383103,0.0032982556,0.09041492
215415901,0.109615445,0.0053062737,0.082089245
215616014,0.079645164,0.0095570795,0.08656012
215815919,0.12756255,0.0062421164,0.08961883
216019744,0.13641928,0.010563857,0.08876937
216224087,0.103702426,0.011704578,0.090637065
216427588,0.1396521,0.014382452,0.088132024
216628323,0.10620663,0.0069851293,0.08900868
216832957,0.15487927,0.012189178,0.08693937
217036315,0.15665875,0.01130519,0.09099565
217236298,0.12481683,0.010574843,0.08804258
217441629,0.11716747,0.009581617,0.08938522
217645174,0.15479834,0.016763544,0.09098279
217845164,0.12635808,0.006398599,0.08860781
218049608,0.17929469,0.007776357,0.085563205
218253104,0.13990377,0.016563766,0.08630517
218457641,0.1000311,0.009641599,0.08332281
218657643,0.11789804,0.007007339,0.084930226
218857450,0.13155502,0.010988693,0.08738512
219061910,0.14923203,0.009316643,0.08509776
219266703,0.14205562,0.010393386,0.07760441
219466544,0.10507215,0.010888747,0.08177343
219669919,0.09397992,0.02348228,0.07817178
219874456,0.15140083,0.025584703,0.07844001
220075074,0.11132408,0.020161616,0.07877244
220275070,0.1753162,0.0066939862,0.08028571
220478695,0.14051577,0.010511653,0.08742272
220683102,0.12106945,0.0058719027,0.0863847
220886818,0.15504691,0.0056169825,0.08887912
221086939,0.10438313,0.0083199125,0.08891797
221291854,0.11970604,0.0035146063,0.08721084
221495538,0.17720518,0.009226726,0.08638954
221695544,0.053327624,0.014776047,0.088838235
221900052,0.10940549,0.00837641,0.091630384
222103572,0.1335825,0.0076550446,0.09102447
222308056,0.112694114,0.007056407,0.085790105
222508628,0.09612477,0.011075754,0.084929295
222712303,0.087882824,0.016238915,0.090412036
222916878,0.07621077,0.0056083486,0.089296535
223116915,0.11195939,0.0072239893,0.08761076
223320328,0.11259158,0.016553316,0.08886264
223525706,0.15305778,0.008407933,0.08218591
223725557,0.12325831,0.026293797,0.081328966
223929101,0.120042145,0.0053134803,0.08354572
224133572,0.12687474,0.016620371,0.08413773
224337099,0.10448261,0.015527941,0.086375065
224537087,0.123963036,0.006086869,0.09021123
224741355,0.13493644,0.011318019,0.093128175
224945905,0.09005685,0.020281417,0.09269537
225150211,0.13585839,0.008658669,0.090630375
225350296,0.11495816,0.018386487,0.09349157
225554287,0.1182965,0.021945562,0.08993483
225758439,0.16375488,0.013280588,0.08897342
225961968,0.15717824,0.02751067,0.09107942
226162737,0.09649048,0.007535291,0.09502384
226367319,0.09977532,0.0068411785,0.095549755
226570724,0.1402065,0.0058230683,0.09432286
226770736,0.16219915,0.004235456,0.099897206
226975096,0.12206809,0.0074929805,0.09958346
227179548,0.16958305,0.007018247,0.10048486
227379553,0.11253078,0.0064971764,0.09731112
227583886,0.117775604,0.0066627483,0.09922942
227787577,0.1328581,0.008528065,0.098296516
227992192,0.111345716,0.020910654,0.098801516
228192064,0.1401717,0.016545957,0.09999114
228395575,0.13699836,0.009493776,0.103088684
228600836,0.15642507,0.014411142,0.107987076
228800940,0.10650915,0.01164284,0.11425644
229000777,0.11841885,0.009475174,0.11878359
229204318,0.1534407,0.0157951,0.11353149
229408649,0.07380511,0.00707887,0.10974585
229609550,0.11692322,0.009996041,0.11436529
229813089,0.11140152,0.005473427,0.11776001
230017423,0.18687098,0.009791907,0.1173103
230221117,0.15047127,0.014829273,0.1192185
230421097,0.13600291,0.016278414,0.12041339
230625739,0.1652564,0.008306296,0.121574186
230829115,0.101061314,0.0104670925,0.121704385
231029954,0.11460974,0.01617665,0.12055701
231229927,0.072481625,0.03183405,0.12307762
231434492,0.099701144,0.019821562,0.12321381
231637893,0.09750064,0.008879481,0.12189611
231842341,0.08297486,0.021711975,0.12258418
232042226,0.12919743,0.009368883,0.124666266
232246774,0.15833654,0.008068829,0.123712644
232451220,0.121509545,0.005066475,0.12653477
232651029,0.13431126,0.008339207,0.12328997
232854779,0.12869461,0.005311564,0.12474445
233059351,0.16104266,0.0066104834,0.122186564
233260173,0.190034,0.012267659,0.12337601
233463752,0.1321144,0.009427721,0.11802627
233667853,0.10790126,0.006999368,0.118653536
233871721,0.09963096,0.005876893,0.12044961
234071510,0.14055604,0.00787893,0.12276413
234275889,0.2052854,0.010141387,0.114385165
234480281,0.1135563,0.00795197,0.11362117
234680302,0.10613894,0.0057823686,0.111639984
234880295,0.13168563,0.01469182,0.107495904
235084852,0.11284237,0.005909642,0.10885083
235288272,0.17344703,0.0088503845,0.1074115
235489093,0.17079942,0.011921802,0.10734651
235693822,0.18196696,0.010119796,0.10673718
235897109,0.19107631,0.020324733,0.10646636
236101583,0.16052127,0.023654696,0.10631278
236301419,0.10418017,0.013972044,0.1080339
236505154,0.13359751,0.0061400793,0.10875126
236709630,0.11591642,0.011558268,0.105667986
236910200,0.119731955,0.01381745,0.109949954
237110292,0.12707695,0.012011925,0.103596434
237313955,0.14791863,0.009077689,0.10428651
237518212,0.17023252,0.010167242,0.10590815
237718404,0.16890049,0.027932553,0.106118865
237918335,0.195085,0.010325328,0.11024901
238122831,0.1765057,0.0067141247,0.10999057
238327246,0.14276697,0.0052842917,0.109122105
238527322,0.16872,0.011725505,0.108724624
238727095,0.17304383,0.012707918,0.10916739
238930756,0.117766425,0.013012442,0.109622754
239135839,0.1471256,0.0070078517,0.10743304
239336027,0.18001914,0.0074383984,0.10893658
239539517,0.09343738,0.002053567,0.114229634
239743976,0.1635134,0.008278526,0.10915107
239947555,0.18192416,0.009278603,0.109161794
240147526,0.18838647,0.0070841047,0.10871809
240352553,0.10668336,0.008537824,0.11373986
240552953,0.08792663,0.011982037,0.11095136
240756827,0.08909817,0.011012697,0.11007654
240956278,0.12710221,0.0055079577,0.109249346
241160611,0.14954236,0.011061438,0.10920701
241365404,0.6811868,0.008292475,0.11159372
241565312,0.13249047,0.007937024,0.11132271
241769436,0.11599269,0.026034048,0.11175918
241973447,0.13586904,0.014627792,0.11059478
242177500,0.13343865,0.0064565507,0.10944869
242377517,0.12533137,0.0057250797,0.1117697
242581938,0.17683244,0.0062701604,0.1107683
242786496,0.17538401,0.008158725,0.11116935
242986354,0.18161702,0.0066371975,0.11432344
243189903,0.17855436,0.005941206,0.11203369
243394639,0.18349354,0.0063393633,0.11105819
243597896,0.1834868,0.0064533167,0.11422494
243798709,0.18391864,0.0068067843,0.1115494
244003030,0.17813562,0.0069484627,0.11118918
244206963,0.17049189,0.006447659,0.11227326
244406711,0.16702846,0.0061203493,0.11265644
244611372,0.17336375,0.00735035,0.11249727
244815096,0.17135714,0.0066352263,0.114343256
245019861,0.18093538,0.0070873136,0.111947745
245220040,0.17178416,0.0058745784,0.11127032
245423540,0.18311888,0.006219456,0.111984976
245628001,0.17571823,0.00617425,0.114173904
245828010,0.17836814,0.006037717,0.11342846
246032312,0.17759763,0.0067315893,0.11477911
246236808,0.17379291,0.0064661815,0.112931244
246440293,0.17780028,0.0055621737,0.110307865
246640303,0.18040572,0.006709023,0.11379869
246844869,0.18677069,0.006297152,0.112271674
247049136,0.17887616,0.006343583,0.112958744
247249098,0.18201579,0.007312612,0.11298119
247453412,0.18190412,0.006320584,0.111476816
247657126,0.18196046,0.005956191,0.111497246
247861653,0.18064778,0.006599348,0.109962836
248061686,0.1865424,0.005543278,0.112366155
248265161,0.17558092,0.0064179157,0.11320859
248470359,0.1771994,0.0067732055,0.11240055
248670233,0.17524637,0.005763866,0.11151961
248873974,0.17219271,0.006878332,0.11185115
249078255,0.17202507,0.006856296,0.11136456
249281954,0.18642113,0.005991049,0.111383066
249481897,0.1745479,0.0065166685,0.11212777
249687090,0.17263134,0.006744344,0.111630626
249890745,0.17111556,0.006899692,0.11323828
250090781,0.1747446,0.0072775483,0.11224059
250295385,0.17115176,0.0060994145,0.112327084
250498724,0.17190929,0.006286823,0.11205218
250699565,0.17364562,0.0072507327,0.111340776
250904066,0.18126303,0.0063319854,0.110722005
251107875,0.17234086,0.005907962,0.11180484
251311995,0.17326355,0.0065265633,0.11053512
251511984,0.18199283,0.0061776103,0.11143084
251715762,0.1680949,0.0060768607,0.11045553
251920627,0.17839895,0.006955269,0.11063103
252124316,0.18038566,0.006584655,0.11265304
252324320,0.1740617,0.0065571945,0.11093087
252528865,0.17021525,0.0060060173,0.11220111
252732313,0.1737205,0.006798175,0.11091787
252933111,0.16776228,0.0066660615,0.111995116
253137442,0.18587638,0.006903838,0.1117093
253341133,0.18221696,0.005763281,0.11150501
253545596,0.17584947,0.007042552,0.11290274
253745773,0.16819556,0.0072526755,0.11269721
253949320,0.18216279,0.0060424954,0.11165323
254153472,0.18362895,0.007842047,0.11025873
254354387,0.17749825,0.0073171775,0.110430434
254554564,0.17498745,0.0059016473,0.11148484
254757895,0.17977417,0.006927014,0.11115202
254962530,0.18197377,0.006940718,0.111171454
255165950,0.18052009,0.006104456,0.11040296
255366773,0.17980902,0.0065222196,0.11150585
255571392,0.17640314,0.0067639025,0.112887934
255775058,0.17367838,0.006125836,0.111958265
255975108,0.17724815,0.00635606,0.11032519
256178984,0.1747577,0.006638261,0.11173841
256382762,0.17867734,0.007478977,0.1151207
256583729,0.17966871,0.0074253203,0.11173735
256788052,0.17604871,0.0062708496,0.113479875
256991705,0.1674447,0.0068986607,0.112606294
257196020,0.178935,0.006953819,0.111817405
257396181,0.17538755,0.005772999,0.11140849
257600289,0.17830312,0.0066887327,0.11185576
257804900,0.17357531,0.0060015055,0.11108657
258004880,0.17977676,0.007298601,0.11212696
258208286,0.17485952,0.0077734157,0.11300999
258412819,0.18150426,0.0056299777,0.110821635
258613403,0.1744424,0.007728042,0.11398093
258813363,0.17887564,0.0064999852,0.11140721
259017093,0.17745198,0.0062044645,0.11125307
259221356,0.17855509,0.007526768,0.11227555
259425165,0.16901472,0.0064733056,0.10999463
259625336,0.1731394,0.0068337936,0.11012789
259829396,0.17184503,0.0065789744,0.110889316
260033914,0.17760092,0.006623723,0.11148156
260233929,0.17568938,0.007055411,0.112539254
260433876,0.18193205,0.0062630484,0.11232834
260638535,0.17507993,0.006907696,0.110801324
260841906,0.17305245,0.006676079,0.114537165
261046394,0.17831993,0.006381809,0.11502776
261247155,0.17476824,0.0063132495,0.111254655
261450758,0.17274985,0.0063775326,0.10984346
261655352,0.18371196,0.0072427443,0.11238123
261855089,0.18025716,0.00551892,0.11234719
262058750,0.18273692,0.0064544193,0.11189295
262263242,0.18613327,0.00689931,0.110801674
262464013,0.17753793,0.0063804435,0.11004461
262667723,0.17188853,0.0059945537,0.11362371
262871952,0.17354679,0.006640628,0.11170914
263075533,0.17409863,0.0060080066,0.11093593
263275546,0.1781351,0.007121209,0.10974989
263480675,0.168953,0.0056457454,0.11121932
263684322,0.17315817,0.0066225366,0.11266906
263884321,0.18258196,0.006772149,0.11031972
264088626,0.16982713,0.007167601,0.111695744
264292339,0.17816712,0.006688129,0.11000594
264493103,0.17868477,0.0060147783,0.11086525
264697541,0.17625448,0.0071136756,0.110876344
264901101,0.17896973,0.0059936508,0.11215245
265105504,0.18353482,0.00720659,0.10960164
265305663,0.18441275,0.006726227,0.11277082
265505712,0.1764375,0.0066140094,0.10948122
265709104,0.16950631,0.006758427,0.11176288
265914677,0.18326816,0.0066154487,0.10982498
266114325,0.17774658,0.007055701,0.11215971
266317901,0.17803785,0.0054535726,0.11171474
266522516,0.1711282,0.0067143454,0.110547625
266725910,0.1740854,0.0073487847,0.11140381
266926756,0.16938476,0.0055669365,0.110586844
267131307,0.1844798,0.007337281,0.11198995
267334958,0.17721452,0.006599833,0.11261872
267534804,0.17449142,0.006449272,0.11167903
267734799,0.17823352,0.00704657,0.1123338
267940052,0.17675559,0.0068933074,0.10941084
268143538,0.17907545,0.0069658095,0.11216815
268343785,0.17414017,0.0066110482,0.11204824
268548031,0.17914018,0.00598539,0.11280344
268751878,0.17987685,0.0070344554,0.11274738
268956072,0.17131248,0.006445497,0.1138342
269155874,0.17967835,0.0067590484,0.112825535
269360353,0.17550118,0.0071652574,0.11267214
269564932,0.18149792,0.007531584,0.11058854
269764898,0.17974518,0.0067919837,0.11208283
269968322,0.17730604,0.007493581,0.11504894
270173090,0.18424472,0.0067645633,0.11527117
270373409,0.1810378,0.006679596,0.11232037
270573447,0.17569649,0.0066638887,0.11321952
270777130,0.17960365,0.0065772166,0.113729544
270981574,0.16754547,0.0069176704,0.11020122
271185195,0.17744197,0.0065478915,0.1100995
271385150,0.17806026,0.006591744,0.11243707
271590467,0.18524155,0.006271531,0.11059642
271794291,0.17563374,0.0065004095,0.110506505
271994236,0.17887107,0.006169731,0.111521624
272198430,0.171146,0.006571702,0.11367747
272401904,0.17726912,0.0065438123,0.112294845
272606265,0.17234711,0.0065884427,0.11309044
272806986,0.17716268,0.0065376726,0.11241209
273010723,0.18117508,0.006410847,0.11241668
273215276,0.18369162,0.006292977,0.11381325
273415265,0.17257044,0.0065254117,0.11147732
273618743,0.17244345,0.007281572,0.112233885
273824046,0.17728578,0.006160891,0.111494474
274024046,0.18101709,0.007456927,0.11358635
274224058,0.17492951,0.006353895,0.11200276
274427719,0.17143756,0.005938126,0.1114883
274632093,0.17300257,0.0069254576,0.1142071
274835579,0.17836209,0.007071551,0.1132405
275035538,0.17937967,0.0065524504,0.113391325
275240564,0.17895675,0.007586777,0.11140265
275444288,0.18260355,0.0073701707,0.112225935
275644289,0.1806431,0.0064583677,0.11400472
275844333,0.17890313,0.007652451,0.112853654
276049464,0.17942949,0.0063103945,0.11158118
276253115,0.17278886,0.0066199773,0.11173761
276453087,0.17430799,0.006098475,0.11223685
276657368,0.170944,0.0076601347,0.11047446
276861088,0.17336768,0.0069550355,0.110588565
277065924,0.17245731,0.0065089855,0.11150244
277265659,0.17763077,0.0058745877,0.11134126
277469865,0.18276733,0.0062845885,0.11285836
277674423,0.17442967,0.007297472,0.1113914
277874446,0.18168302,0.007835968,0.11258953
278074357,0.17814323,0.0068580867,0.11147788
278277903,0.17589813,0.0068121543,0.113651276
278483084,0.16961081,0.0064118532,0.111127205
278682966,0.17818196,0.0062892972,0.11283823
278887051,0.18130232,0.006221792,0.11390207
279091131,0.18332261,0.0071609067,0.11257295
279294959,0.17262675,0.00640464,0.111378804
279494940,0.18323733,0.006519987,0.11126229
279699181,0.1834242,0.0064750956,0.11138267
279903584,0.18149915,0.0072609875,0.11262313
280103521,0.1805969,0.0062115234,0.11266822
280308104,0.18578559,0.0067120893,0.112951525
280511849,0.18222557,0.006310779,0.11259633
280716024,0.17461172,0.0060685147,0.11179688
280915852,0.181752,0.006677832,0.11116339
281120291,0.18430433,0.007110342,0.113389924
281324691,0.1824759,0.0068495437,0.109451994
281524681,0.18242955,0.007024668,0.109474435
281728355,0.18108469,0.0066992566,0.11003631
281933581,0.1785305,0.006101424,0.110554166
282133676,0.17115243,0.0072075925,0.11299761
282333775,0.17624296,0.005952788,0.11138469
282537113,0.17563587,0.006831606,0.1134318
282741621,0.18153812,0.00722717,0.111517034
282945419,0.17108303,0.0068318583,0.11194683
283145361,0.17310067,0.006509965,0.11069863
283349505,0.17020842,0.0063005197,0.112868845
283554238,0.18359564,0.0074453587,0.11108902
283753898,0.178078,0.0066846283,0.110690385
283958352,0.17464249,0.0063983095,0.11286393
284161910,0.17698593,0.007296509,0.11290601
284366354,0.17495973,0.0068981713,0.1133777
284567307,0.18278377,0.007084813,0.111117676
284770703,0.18506218,0.0064945966,0.111582674
284975158,0.18003096,0.006918552,0.111351945
285175838,0.17443717,0.0069008963,0.111689314
285375085,0.1784741,0.007011548,0.112939306
285578704,0.17681265,0.0066829678,0.1106796
285783935,0.17036518,0.007017645,0.110562816
285984190,0.1823612,0.0073948684,0.11175726
286187717,0.17294574,0.0059109745,0.11354258
286391915,0.18293296,0.0072346027,0.112528555
286595547,0.17949317,0.007381588,0.113342345
286795566,0.1738765,0.006033471,0.11252535
287000946,0.18637401,0.0059950296,0.11361218
287204332,0.17759213,0.007213768,0.113613814
287404286,0.17316353,0.0062808273,0.112316884
287608564,0.16589878,0.006979541,0.11373806
287812326,0.16917798,0.006892564,0.11413741
288013090,0.1791323,0.006132893,0.11283497
288217560,0.17906582,0.006858258,0.11442227
288421107,0.17733596,0.0072230203,0.11622144
288625789,0.17752348,0.0072805965,0.114219055
288825574,0.17529936,0.0073682857,0.11391644
289029145,0.17786273,0.0060627605,0.111087225
289234504,0.17028481,0.0069989697,0.1138809
289434657,0.17456672,0.006230538,0.11349986
289634683,0.18029599,0.007443194,0.11345357
289837903,0.17418356,0.0062428718,0.11432713
290042270,0.18009315,0.0071805893,0.11132698
290245932,0.1779222,0.0070671793,0.11257609
290446708,0.16008747,0.0068099326,0.11104506
290651055,0.17323788,0.006959481,0.112229794
290854795,0.17347851,0.006755651,0.115448534
291054968,0.17978594,0.006761275,0.11255265
291254799,0.17381392,0.006712039,0.112623
291459236,0.1773158,0.007203218,0.11089113
291662705,0.17727377,0.0070420397,0.11019313
291863740,0.17143233,0.0063692816,0.11143645
292063562,0.18086028,0.0062895366,0.11156181
292267942,0.1746072,0.006580392,0.11197089
292471536,0.17512172,0.0068675866,0.112106256
292671555,0.17515756,0.007255258,0.11162531
292876689,0.17433278,0.006885631,0.11367406
293080286,0.1692649,0.006630746,0.1108598
293284645,0.17672053,0.0066686845,0.11094148
293484692,0.17311989,0.0060249553,0.11304086
293688316,0.17498545,0.00618399,0.11280061
293892738,0.17871848,0.0072644977,0.11149382
294093562,0.18228231,0.006112865,0.112971716
294297112,0.17921165,0.0064921156,0.11119238
294501573,0.1792097,0.007187832,0.11391536
294701767,0.16945761,0.0073901503,0.109870605
294901658,0.17870916,0.0068167173,0.11073201
295105186,0.17582348,0.0070035295,0.11032536
295310315,0.17910084,0.0072818897,0.11215415
295514131,0.1734366,0.006804961,0.1114681
295714206,0.1703877,0.007624441,0.11195501
295918248,0.17541777,0.0074965865,0.110702775
296122139,0.16302805,0.00659964,0.11192471
296326406,0.18544027,0.0074951425,0.11196484
296526535,0.17547575,0.0070680915,0.110900305
296730751,0.18118155,0.0074537494,0.11196308
296935495,0.1776255,0.0064747226,0.11348642
297135348,0.16952267,0.0070652887,0.11131623
297338752,0.18222757,0.0070956945,0.110666424
297543196,0.17648794,0.0060355715,0.111629345
297746744,0.17041638,0.006264262,0.11197708
297947846,0.1730833,0.0062352307,0.11058275
298151887,0.18169801,0.007567412,0.113097735
298355542,0.17184244,0.006539452,0.11135426
298555770,0.17453422,0.006919714,0.111070596
298760121,0.17315254,0.006825592,0.112365976
298963749,0.18070312,0.0069811423,0.112734154
299164388,0.18125989,0.0066918237,0.11112448
299364318,0.17460842,0.006731663,0.11192766
299568929,0.17779258,0.0075111547,0.11181907
299772292,0.18095939,0.0076395446,0.11203264
299977078,0.17658149,0.0064898054,0.11299967
300177624,0.17969342,0.0067583276,0.11291975
300381095,0.17337205,0.006479214,0.11295081
300586291,0.17528723,0.0068976493,0.11276582
300785627,0.1748343,0.007278119,0.11302193
300989128,0.1759573,0.0060632695,0.11273857
301193529,0.17267203,0.007001312,0.1133614
301394646,0.17766774,0.007662794,0.1124638
301594791,0.17499238,0.0069162683,0.112184145
301797907,0.17815895,0.0073375273,0.112555236
302002547,0.17675084,0.006777989,0.11202729
302202635,0.17336331,0.0060292706,0.1135548
302402586,0.1754775,0.0070097996,0.112145714
302605905,0.17570634,0.0075880103,0.11394748
302810289,0.17320624,0.0068700183,0.11243039
303011183,0.17892094,0.006146583,0.11286675
303210987,0.17505577,0.007199608,0.11151367
303415079,0.16959088,0.006525234,0.112975664
303619031,0.16273277,0.007354501,0.11207234
303823062,0.1757696,0.0071349586,0.11250057
304023578,0.17710531,0.0068446016,0.111513354
304228078,0.17580464,0.006894501,0.11210788
304431553,0.17278144,0.0068421597,0.115531944
304631529,0.17317028,0.0071129804,0.114842534
304835890,0.17806095,0.0059376485,0.11226983
305039538,0.16899145,0.008229551,0.113877706
305243986,0.18332265,0.0073728217,0.112162836
305444833,0.17357609,0.006681652,0.11212429
305648335,0.1661395,0.0069949552,0.112650864
305852646,0.17460681,0.007439088,0.11296612
306052566,0.17447065,0.0068431296,0.11280726
306252802,0.17564268,0.0062351213,0.112176284
306457134,0.1764818,0.006815761,0.11333892
306661622,0.17185847,0.007505195,0.11359278
306861639,0.17892765,0.0069558183,0.113960326
307065302,0.16669397,0.0065993927,0.11163886
307269724,0.17574625,0.006719998,0.11365496
307473177,0.17821667,0.0070071532,0.114148326
307673120,0.17835613,0.008033862,0.11358536
307878158,0.17803149,0.0064640297,0.1135238
308081919,0.18502486,0.006836665,0.11486372
308281913,0.16893403,0.0072176387,0.11177661
308486326,0.16996379,0.0071732183,0.11237974
308689908,0.17899624,0.0070251916,0.11299583
308894590,0.17124717,0.0076441187,0.11315527
309094374,0.16697761,0.0076836143,0.11238304
309298728,0.177233,0.0064610667,0.11351426
309503240,0.17671524,0.0077062836,0.111207455
309703180,0.1786491,0.0061764633,0.11417113
309906705,0.17920189,0.0069394526,0.11163794
310111213,0.17881438,0.007592854,0.11098898
310312183,0.17783476,0.0074597113,0.11040469
310512032,0.1757196,0.00738624,0.111643314
310715838,0.17123505,0.0068515814,0.11193332
310919848,0.18002006,0.007084891,0.11164361
311123574,0.17720151,0.00789861,0.1110664
311323543,0.17012164,0.0071598096,0.11260395
311528811,0.16393568,0.007195308,0.11117302
311732318,0.16968836,0.007232276,0.11107602
311932310,0.17349032,0.0070846104,0.11440996
312136858,0.17071466,0.0072894776,0.11180759
312340331,0.17463315,0.007134125,0.109001376
312544639,0.16834323,0.006065542,0.11047185
312745563,0.17869458,0.0072648795,0.11153067
312949317,0.17439158,0.007232841,0.11158099
313153442,0.17353155,0.0072242673,0.11203432
313353616,0.17937993,0.007998609,0.11152544
313553520,0.18488207,0.007634806,0.109725185
313757086,0.17310601,0.006474504,0.11235959
313961429,0.18161269,0.0071835434,0.11304536
314165403,0.17803444,0.007844205,0.11168635
314366216,0.17276159,0.0073828814,0.112784155
314570498,0.17097138,0.0075501585,0.11189211
314774128,0.17881119,0.0066972417,0.11151091
314974171,0.17424975,0.0079273125,0.11088407
315174190,0.1705121,0.00696795,0.110887006
315378605,0.16944411,0.005989619,0.113321684
315582761,0.16845258,0.0069496017,0.11146819
315782731,0.17889588,0.0067797247,0.110256806
315987044,0.18036692,0.0067889444,0.11429675
316190719,0.17664829,0.007833808,0.1116908
316395417,0.17462407,0.006342146,0.11226116
316595415,0.17356962,0.0066583534,0.112727314
316798714,0.1720634,0.00708469,0.11105882
317003867,0.1723511,0.0070610596,0.11191436
317203843,0.17806308,0.0068841297,0.112196535
317407706,0.17953056,0.0072406437,0.11332325
317611875,0.17338398,0.007390565,0.11115751
317815857,0.1672579,0.0070121014,0.112308726
318015574,0.17741458,0.0065982225,0.11167516
318220616,0.16836219,0.0073530143,0.112659566
318424351,0.1806091,0.007581064,0.11187994
318624292,0.17788276,0.0063452297,0.11444279
318824327,0.18241522,0.006522105,0.1114891
319028754,0.1284383,0.00677687,0.111377016
319232263,0.16295227,0.00793739,0.11140653
319433151,0.12164371,0.007525322,0.1101412
319637548,0.1473646,0.01120712,0.11239318
319841137,0.12725884,0.00822513,0.11151663
320045547,0.16523382,0.009702812,0.11301261
