t4,x4,y4,z4,q1,q2,q3,q4,img
1533558193538,0.000000,0.000000,-6.181594,0.707107,0.000000,0.000000,-0.707107,img_0_0_1533558194384481000.png
1533558193694,0.000000,0.000000,-6.181594,0.707107,0.000000,0.000000,-0.707107,img_0_0_1533558194536477500.png
1533558193856,0.000000,0.000000,-6.181594,0.707107,0.000000,0.000000,-0.707107,img_0_0_1533558194679763300.png
1533558193985,0.000000,0.000000,-6.181594,0.707107,0.000000,0.000000,-0.707107,img_0_0_1533558194813904800.png
1533558194105,0.000000,0.000000,-6.181594,0.707107,0.000000,0.000000,-0.707107,img_0_0_1533558194926157000.png
1533558194189,0.000000,0.000000,-6.181594,0.707107,0.000000,0.000000,-0.707107,img_0_0_1533558195045622100.png
1533558194387,0.000000,0.000000,-6.181594,0.707107,0.000000,0.000000,-0.707107,img_0_0_1533558195215501000.png
1533558194465,0.000000,0.000000,-6.181594,0.707107,0.000000,0.000000,-0.707107,img_0_0_1533558195355308100.png
1533558194642,0.000000,0.000000,-6.181594,0.707107,0.000000,0.000000,-0.707107,img_0_0_1533558195510423400.png
1533558194729,0.000000,0.000000,-6.181594,0.707107,0.000000,0.000000,-0.707107,img_0_0_1533558195599742800.png
1533558194828,0.000000,0.000000,-6.181594,0.707107,0.000000,0.000000,-0.707107,img_0_0_1533558195704384300.png
1533558194936,0.000000,0.000000,-6.181594,0.707107,0.000000,0.000000,-0.707107,img_0_0_1533558195794149300.png
1533558195020,0.000000,0.000000,-6.181594,0.707107,0.000000,0.000000,-0.707107,img_0_0_1533558195902633700.png
1533558195197,0.000000,0.000000,-6.181594,0.707107,0.000000,0.000000,-0.707107,img_0_0_1533558196051805300.png
1533558195293,0.000000,0.000000,-6.181594,0.707107,0.000000,0.000000,-0.707107,img_0_0_1533558196149248300.png
1533558195404,0.000000,0.000000,-6.181594,0.707107,0.000000,0.000000,-0.707107,img_0_0_1533558196267419200.png
1533558195461,0.000000,0.000000,-6.181594,0.707107,0.000000,0.000000,-0.707107,img_0_0_1533558196357326200.png
1533558195587,0.000000,0.000000,-6.181594,0.707107,0.000000,0.000000,-0.707107,img_0_0_1533558196457619400.png
1533558195692,0.000000,0.000000,-6.181594,0.707107,0.000000,0.000000,-0.707107,img_0_0_1533558196552630800.png
1533558195806,0.000000,0.000000,-6.181594,0.707107,0.000000,0.000000,-0.707107,img_0_0_1533558196670182900.png
1533558195884,0.000000,0.000000,-6.181594,0.707107,0.000000,0.000000,-0.707107,img_0_0_1533558196762091600.png
1533558196028,0.000000,0.000000,-6.181594,0.707107,0.000000,0.000000,-0.707107,img_0_0_1533558196899891400.png
1533558196154,0.000000,0.000000,-6.181594,0.707107,0.000000,0.000000,-0.707107,img_0_0_1533558197037898500.png
1533558196259,0.000000,0.000000,-6.181594,0.707107,0.000000,0.000000,-0.707107,img_0_0_1533558197115675100.png
1533558196389,0.000000,0.000000,-6.181594,0.707107,0.000000,0.000000,-0.707107,img_0_0_1533558197248464100.png
1533558196479,0.000000,0.000000,-6.181594,0.707107,0.000000,0.000000,-0.707107,img_0_0_1533558197344873300.png
1533558196599,0.000000,0.000000,-6.181594,0.707107,0.000000,0.000000,-0.707107,img_0_0_1533558197454007800.png
1533558196722,0.000002,0.000000,-6.181685,0.707096,0.003850,-0.003850,-0.707096,img_0_0_1533558197606095200.png
1533558196812,0.001189,0.000000,-6.184381,0.706857,0.018781,-0.018781,-0.706857,img_0_0_1533558197691283700.png
1533558196968,0.014273,0.000000,-6.197766,0.706494,0.029424,-0.029424,-0.706494,img_0_0_1533558197822197300.png
1533558197058,0.030798,0.000000,-6.210326,0.706378,0.032088,-0.032088,-0.706378,img_0_0_1533558197935952400.png
1533558197172,0.062553,0.000000,-6.231170,0.706298,0.033819,-0.033819,-0.706298,img_0_0_1533558198056286500.png
1533558197337,0.128624,0.000000,-6.252011,0.707033,0.010246,-0.010246,-0.707033,img_0_0_1533558198216575000.png
1533558197400,0.156764,0.000000,-6.246085,0.707107,0.000602,-0.000602,-0.707106,img_0_0_1533558198304811200.png
1533558197535,0.216591,0.000000,-6.234303,0.707032,-0.010284,0.010284,-0.707032,img_0_0_1533558198424964900.png
1533558197634,0.257466,0.000000,-6.228930,0.706981,-0.013357,0.013357,-0.706981,img_0_0_1533558198517805300.png
1533558197730,0.293618,0.000000,-6.225640,0.706964,-0.014234,0.014234,-0.706963,img_0_0_1533558198620057300.png
1533558197871,0.340070,0.000000,-6.222882,0.706975,-0.013632,0.013632,-0.706975,img_0_0_1533558198757464200.png
1533558197973,0.368915,0.000000,-6.221836,0.706995,-0.012560,0.012560,-0.706995,img_0_0_1533558198857623700.png
1533558198096,0.398869,0.000000,-6.221257,0.707021,-0.011040,0.011040,-0.707021,img_0_0_1533558198978632500.png
1533558198180,0.416600,0.000000,-6.221179,0.707036,-0.009990,0.009990,-0.707036,img_0_0_1533558199077411600.png
1533558198318,0.441543,0.000000,-6.221474,0.707057,-0.008369,0.008369,-0.707057,img_0_0_1533558199199754900.png
1533558198381,0.451398,0.000000,-6.221747,0.707065,-0.007690,0.007690,-0.707065,img_0_0_1533558199296597200.png
1533558198525,0.470835,0.000000,-6.222620,0.707079,-0.006304,0.006304,-0.707079,img_0_0_1533558199407815700.png
1533558198606,0.480114,0.000000,-6.223231,0.707084,-0.005624,0.005624,-0.707084,img_0_0_1533558199506809900.png
1533558198750,0.494138,0.000000,-6.224460,0.707092,-0.004578,0.004578,-0.707092,img_0_0_1533558199627801600.png
1533558198834,0.501058,0.000000,-6.225235,0.707095,-0.004056,0.004056,-0.707095,img_0_0_1533558199718485100.png
1533558198975,0.510926,0.000000,-6.226588,0.707099,-0.003307,0.003307,-0.707099,img_0_0_1533558199862428300.png
1533558199062,0.516074,0.000000,-6.227432,0.707101,-0.002914,0.002914,-0.707101,img_0_0_1533558199965040000.png
1533558199179,0.522041,0.000000,-6.228566,0.707103,-0.002457,0.002457,-0.707102,img_0_0_1533558200068751700.png
1533558199293,0.527232,0.000000,-6.230709,0.707019,0.011171,-0.011171,-0.707018,img_0_0_1533558200179351700.png
1533558199404,0.536008,0.000000,-6.238083,0.706698,0.024052,-0.024052,-0.706698,img_0_0_1533558200284776300.png
1533558199548,0.560203,0.000000,-6.255831,0.706426,0.031026,-0.031026,-0.706426,img_0_0_1533558200439554900.png
1533558199650,0.588347,0.000000,-6.273793,0.706329,0.033152,-0.033152,-0.706329,img_0_0_1533558200540124600.png
1533558199791,0.643604,0.000000,-6.304485,0.706578,0.027338,-0.027338,-0.706578,img_0_0_1533558200677486300.png
1533558199875,0.682650,0.000000,-6.304022,0.707074,0.006777,-0.006777,-0.707074,img_0_0_1533558200764434000.png
1533558199968,0.727299,0.000000,-6.294781,0.707089,-0.005076,0.005076,-0.707089,img_0_0_1533558200875084400.png
1533558200067,0.773587,0.000000,-6.286849,0.707009,-0.011737,0.011737,-0.707009,img_0_0_1533558200971729100.png
1533558200220,0.838558,0.000000,-6.279814,0.706945,-0.015115,0.015115,-0.706945,img_0_0_1533558201098443100.png
1533558200301,0.869015,0.000000,-6.277721,0.706944,-0.015163,0.015163,-0.706944,img_0_0_1533558201197454900.png
1533558200400,0.902461,0.000000,-6.276058,0.706959,-0.014446,0.014446,-0.706959,img_0_0_1533558201291562600.png
1533558200520,0.937719,0.000000,-6.274910,0.706987,-0.013028,0.013028,-0.706987,img_0_0_1533558201408423900.png
1533558200622,0.963536,0.000000,-6.274447,0.707011,-0.011666,0.011666,-0.707011,img_0_0_1533558201517260600.png
1533558200688,0.978407,0.000000,-6.274339,0.707025,-0.010784,0.010784,-0.707025,img_0_0_1533558201612215100.png
1533558200799,1.000508,0.000000,-6.274428,0.707045,-0.009367,0.009367,-0.707045,img_0_0_1533558201714526500.png
1533558200841,1.008003,0.000000,-6.274539,0.707051,-0.008863,0.008863,-0.707051,img_0_0_1533558201799557500.png
1533558200985,1.030531,0.000000,-6.275171,0.707069,-0.007286,0.007286,-0.707069,img_0_0_1533558201897987600.png
1533558201114,1.047095,0.000000,-6.276004,0.707081,-0.006080,0.006080,-0.707081,img_0_0_1533558202009834900.png
1533558201174,1.053804,0.000000,-6.276455,0.707085,-0.005583,0.005583,-0.707085,img_0_0_1533558202095001900.png
1533558201282,1.064498,0.000000,-6.277343,0.707091,-0.004783,0.004783,-0.707091,img_0_0_1533558202196290400.png
1533558201441,1.077471,0.000000,-6.278768,0.707097,-0.003801,0.003801,-0.707097,img_0_0_1533558202327970400.png
1533558201552,1.084898,0.000000,-6.279805,0.707099,-0.003235,0.003235,-0.707099,img_0_0_1533558202435076900.png
1533558201660,1.091071,0.000000,-6.281048,0.707085,0.005512,-0.005512,-0.707085,img_0_0_1533558202566415800.png
1533558201723,1.095021,0.000000,-6.283485,0.706934,0.015651,-0.015651,-0.706933,img_0_0_1533558202662173600.png
1533558201876,1.113203,0.000000,-6.296950,0.706549,0.028094,-0.028094,-0.706548,img_0_0_1533558202775835900.png
1533558201969,1.133029,0.000000,-6.310169,0.706407,0.031457,-0.031457,-0.706407,img_0_0_1533558202864914900.png
1533558202101,1.174756,0.000000,-6.335246,0.706302,0.033726,-0.033726,-0.706302,img_0_0_1533558202995375400.png
1533558202182,1.208687,0.000000,-6.353927,0.706359,0.032511,-0.032511,-0.706359,img_0_0_1533558203090667800.png
1533558202272,1.251042,0.000000,-6.356001,0.707067,0.007536,-0.007536,-0.707067,img_0_0_1533558203204393100.png
1533558202377,1.302288,0.000000,-6.345685,0.707082,-0.005940,0.005940,-0.707082,img_0_0_1533558203297281700.png
1533558202500,1.360081,0.000000,-6.336565,0.706984,-0.013190,0.013190,-0.706984,img_0_0_1533558203395565800.png
1533558202560,1.386384,0.000000,-6.333664,0.706954,-0.014687,0.014687,-0.706954,img_0_0_1533558203495295200.png
1533558202728,1.451929,0.000000,-6.328871,0.706941,-0.015298,0.015298,-0.706941,img_0_0_1533558203619929800.png
1533558202848,1.491345,0.000000,-6.327193,0.706965,-0.014177,0.014177,-0.706965,img_0_0_1533558203750607600.png
1533558202956,1.521922,0.000000,-6.326384,0.706991,-0.012786,0.012786,-0.706991,img_0_0_1533558203853175500.png
1533558203070,1.549681,0.000000,-6.326025,0.707018,-0.011229,0.011229,-0.707018,img_0_0_1533558203975242500.png
1533558203199,1.576198,0.000000,-6.326077,0.707042,-0.009544,0.009544,-0.707042,img_0_0_1533558204102009000.png
1533558203271,1.589017,0.000000,-6.326275,0.707054,-0.008675,0.008675,-0.707054,img_0_0_1533558204192468600.png
1533558203400,1.608920,0.000000,-6.326868,0.707069,-0.007271,0.007271,-0.707069,img_0_0_1533558204304117100.png
1533558203502,1.622232,0.000000,-6.327511,0.707079,-0.006302,0.006302,-0.707079,img_0_0_1533558204407515400.png
1533558203604,1.633710,0.000000,-6.328268,0.707086,-0.005451,0.005451,-0.707086,img_0_0_1533558204512379900.png
1533558203679,1.641126,0.000000,-6.328881,0.707090,-0.004895,0.004895,-0.707090,img_0_0_1533558204598343300.png
1533558203802,1.651663,0.000000,-6.329955,0.707095,-0.004099,0.004099,-0.707095,img_0_0_1533558204714876600.png
1533558203877,1.657224,0.000000,-6.330787,0.707102,0.002708,-0.002708,-0.707102,img_0_0_1533558204797961200.png
1533558204015,1.669982,0.000000,-6.338095,0.706749,0.022507,-0.022507,-0.706748,img_0_0_1533558204916261400.png
1533558204111,1.685410,0.000000,-6.348265,0.706532,0.028504,-0.028504,-0.706532,img_0_0_1533558205014961500.png
1533558204225,1.713590,0.000000,-6.365551,0.706376,0.032142,-0.032142,-0.706376,img_0_0_1533558205135525900.png
1533558204330,1.750172,0.000000,-6.386344,0.706301,0.033751,-0.033751,-0.706301,img_0_0_1533558205228509200.png
1533558204420,1.789907,0.000000,-6.406142,0.706641,0.025658,-0.025658,-0.706641,img_0_0_1533558205347386500.png
1533558204597,1.877513,0.000000,-6.395724,0.707081,-0.006040,0.006040,-0.707081,img_0_0_1533558205522942100.png
1533558204633,1.895320,0.000000,-6.392546,0.707049,-0.009004,0.009004,-0.707049,img_0_0_1533558205616689100.png
1533558204804,1.974217,0.000000,-6.382747,0.706939,-0.015430,0.015430,-0.706938,img_0_0_1533558205714257000.png
1533558204924,2.022285,0.000000,-6.379405,0.706930,-0.015823,0.015823,-0.706930,img_0_0_1533558205841099500.png
1533558204981,2.042872,0.000000,-6.378382,0.706938,-0.015462,0.015462,-0.706938,img_0_0_1533558205927805100.png
1533558205113,2.085228,0.000001,-6.376881,0.706969,-0.013982,0.013982,-0.706968,img_0_0_1533558206024573200.png
1533558205200,2.109366,0.000001,-6.376358,0.706991,-0.012791,0.012791,-0.706991,img_0_0_1533558206106933200.png
1533558205287,2.130797,0.000001,-6.376105,0.707012,-0.011570,0.011570,-0.707012,img_0_0_1533558206222888000.png
1533558205386,2.152218,0.000001,-6.376081,0.707033,-0.010227,0.010226,-0.707033,img_0_0_1533558206308279700.png
1533558205527,2.177970,0.000001,-6.376431,0.707056,-0.008483,0.008483,-0.707056,img_0_0_1533558206434517700.png
1533558205605,2.190132,0.000001,-6.376783,0.707066,-0.007622,0.007622,-0.707066,img_0_0_1533558206524308300.png
1533558205719,2.205611,0.000001,-6.377455,0.707077,-0.006498,0.006498,-0.707077,img_0_0_1533558206664961700.png
1533558205878,2.223338,0.000001,-6.378629,0.707088,-0.005180,0.005180,-0.707088,img_0_0_1533558206798231400.png
1533558205971,2.231954,0.000001,-6.379404,0.707092,-0.004531,0.004531,-0.707092,img_0_0_1533558206904831600.png
1533558206088,2.241258,0.000001,-6.380435,0.707097,-0.003824,0.003824,-0.707096,img_0_0_1533558207013000000.png
1533558206175,2.247215,0.000001,-6.381224,0.707099,-0.003370,0.003370,-0.707099,img_0_0_1533558207091558400.png
1533558206277,2.253298,0.000001,-6.382164,0.707101,-0.002905,0.002905,-0.707101,img_0_0_1533558207228582000.png
1533558206388,2.258964,0.000001,-6.383176,0.707103,-0.002470,0.002470,-0.707102,img_0_0_1533558207329618700.png
1533558206514,2.264373,0.000001,-6.384301,0.707104,-0.002055,0.002055,-0.707104,img_0_0_1533558207437353300.png
1533558206571,2.266512,0.000001,-6.384797,0.707104,-0.001890,0.001890,-0.707104,img_0_0_1533558207523227700.png
1533558206712,2.272874,0.000001,-6.389600,0.706846,0.019223,-0.019223,-0.706845,img_0_0_1533558207636875100.png
1533558206859,2.290593,0.000001,-6.404167,0.706497,0.029366,-0.029366,-0.706497,img_0_0_1533558207772257400.png
1533558206904,2.299452,0.000001,-6.410518,0.706431,0.030900,-0.030900,-0.706431,img_0_0_1533558207862403900.png
1533558207084,2.353582,0.000001,-6.444512,0.706289,0.034002,-0.034002,-0.706289,img_0_0_1533558208001227000.png
1533558207183,2.396023,0.000001,-6.461973,0.706877,0.018028,-0.018028,-0.706877,img_0_0_1533558208103550100.png
1533558207306,2.453741,0.000001,-6.452436,0.707103,-0.002452,0.002452,-0.707102,img_0_0_1533558208229020600.png
1533558207396,2.495871,0.000001,-6.444438,0.707038,-0.009870,0.009870,-0.707038,img_0_0_1533558208312316000.png
1533558207492,2.538378,0.000001,-6.438592,0.706975,-0.013635,0.013635,-0.706975,img_0_0_1533558208415025800.png
1533558207585,2.576216,0.000001,-6.434968,0.706949,-0.014931,0.014931,-0.706949,img_0_0_1533558208497603600.png
1533558207666,2.606227,0.000001,-6.432892,0.706949,-0.014963,0.014963,-0.706948,img_0_0_1533558208604843700.png
1533558207771,2.641046,0.000001,-6.431168,0.706965,-0.014184,0.014184,-0.706964,img_0_0_1533558208700683600.png
1533558207855,2.665733,0.000001,-6.430327,0.706983,-0.013221,0.013221,-0.706983,img_0_0_1533558208800461700.png
1533558208020,2.706826,0.000001,-6.429603,0.707020,-0.011058,0.011058,-0.707020,img_0_0_1533558208936879400.png
1533558208092,2.722020,0.000001,-6.429574,0.707034,-0.010122,0.010122,-0.707034,img_0_0_1533558209023631100.png
1533558208224,2.746160,0.000001,-6.429861,0.707056,-0.008523,0.008523,-0.707055,img_0_0_1533558209143508600.png
1533558208296,2.757528,0.000001,-6.430168,0.707065,-0.007730,0.007730,-0.707065,img_0_0_1533558209237993400.png
1533558208422,2.774793,0.000001,-6.430908,0.707077,-0.006490,0.006490,-0.707077,img_0_0_1533558209344956900.png
1533558208509,2.785002,0.000001,-6.431536,0.707084,-0.005739,0.005739,-0.707083,img_0_0_1533558209448641500.png
1533558208647,2.798763,0.000001,-6.432672,0.707091,-0.004710,0.004710,-0.707091,img_0_0_1533558209577404700.png
1533558208740,2.806593,0.000001,-6.433503,0.707095,-0.004119,0.004119,-0.707095,img_0_0_1533558209671016400.png
1533558208899,2.817746,0.000001,-6.434989,0.707099,-0.003270,0.003270,-0.707099,img_0_0_1533558209833277200.png
1533558208983,2.822671,0.000001,-6.435790,0.707101,-0.002894,0.002894,-0.707101,img_0_0_1533558209922983500.png
1533558209091,2.828209,0.000001,-6.437136,0.707069,0.007333,-0.007333,-0.707069,img_0_0_1533558210040337300.png
1533558209184,2.834330,0.000001,-6.441637,0.706838,0.019510,-0.019510,-0.706838,img_0_0_1533558210131116500.png
1533558209322,2.852762,0.000001,-6.455535,0.706507,0.029116,-0.029116,-0.706507,img_0_0_1533558210254553700.png
1533558209409,2.872302,0.000001,-6.468566,0.706389,0.031847,-0.031847,-0.706389,img_0_0_1533558210333698300.png
1533558209505,2.901952,0.000001,-6.486674,0.706313,0.033498,-0.033498,-0.706313,img_0_0_1533558210431975000.png
1533558209595,2.937847,0.000001,-6.507144,0.706273,0.034328,-0.034328,-0.706273,img_0_0_1533558210525315900.png
1533558209748,3.009861,0.000001,-6.506955,0.707107,0.000026,-0.000026,-0.707107,img_0_0_1533558210675324000.png
1533558209847,3.057495,0.000001,-6.497679,0.707046,-0.009263,0.009263,-0.707046,img_0_0_1533558210777135600.png
1533558209970,3.113100,0.000001,-6.490170,0.706963,-0.014263,0.014263,-0.706963,img_0_0_1533558210899454100.png
1533558210066,3.152388,0.000001,-6.486708,0.706941,-0.015336,0.015336,-0.706940,img_0_0_1533558210993311800.png
1533558210165,3.188757,0.000001,-6.484473,0.706945,-0.015105,0.015105,-0.706945,img_0_0_1533558211091438100.png
1533558210267,3.221897,0.000001,-6.483063,0.706965,-0.014143,0.014143,-0.706965,img_0_0_1533558211194990500.png
1533558210378,3.253295,0.000001,-6.482200,0.706992,-0.012735,0.012735,-0.706992,img_0_0_1533558211311446900.png
1533558210465,3.274810,0.000001,-6.481880,0.707012,-0.011556,0.011556,-0.707012,img_0_0_1533558211411111500.png
1533558210558,3.295108,0.000001,-6.481804,0.707032,-0.010316,0.010316,-0.707031,img_0_0_1533558211508004800.png
1533558210645,3.311832,0.000001,-6.481936,0.707047,-0.009220,0.009220,-0.707047,img_0_0_1533558211596862500.png
1533558210747,3.328970,0.000001,-6.482295,0.707061,-0.008040,0.008040,-0.707061,img_0_0_1533558211700738300.png
1533558210858,3.344973,0.000001,-6.482889,0.707073,-0.006896,0.006896,-0.707073,img_0_0_1533558211794582600.png
1533558210978,3.359612,0.000001,-6.483713,0.707083,-0.005822,0.005822,-0.707083,img_0_0_1533558211908544100.png
1533558211047,3.366943,0.000001,-6.484251,0.707087,-0.005276,0.005276,-0.707087,img_0_0_1533558211996645200.png
1533558211161,3.377550,0.000001,-6.485217,0.707093,-0.004478,0.004478,-0.707093,img_0_0_1533558212096038200.png
1533558211224,3.382698,0.000001,-6.485780,0.707095,-0.004089,0.004089,-0.707095,img_0_0_1533558212195684500.png
1533558211359,3.392254,0.000001,-6.487026,0.707099,-0.003361,0.003361,-0.707099,img_0_0_1533558212307831200.png
1533558211452,3.397823,0.000001,-6.487898,0.707101,-0.002935,0.002935,-0.707101,img_0_0_1533558212385462300.png
1533558211560,3.403407,0.000001,-6.488907,0.707102,-0.002507,0.002507,-0.707102,img_0_0_1533558212497664700.png
1533558211638,3.406925,0.000001,-6.489625,0.707103,-0.002237,0.002237,-0.707103,img_0_0_1533558212580918200.png
1533558211755,3.411503,0.000001,-6.490674,0.707104,-0.001886,0.001886,-0.707104,img_0_0_1533558212699460300.png
1533558211827,3.413954,0.000001,-6.491298,0.707105,-0.001697,0.001697,-0.707105,img_0_0_1533558212783955400.png
1533558211959,3.417829,0.000001,-6.492397,0.707105,-0.001399,0.001399,-0.707105,img_0_0_1533558212898346900.png
1533558212010,3.419136,0.000001,-6.492804,0.707106,-0.001298,0.001298,-0.707106,img_0_0_1533558212982621500.png
1533558212163,3.424823,0.000001,-6.498313,0.706803,0.020719,-0.020719,-0.706803,img_0_0_1533558213092912700.png
1533558212274,3.436617,0.000001,-6.508931,0.706536,0.028403,-0.028403,-0.706536,img_0_0_1533558213208489400.png
1533558212373,3.455526,0.000001,-6.522941,0.706393,0.031766,-0.031766,-0.706393,img_0_0_1533558213320720700.png
1533558212457,3.478584,0.000001,-6.538102,0.706323,0.033295,-0.033295,-0.706322,img_0_0_1533558213401371900.png
1533558212562,3.516983,0.000001,-6.561201,0.706273,0.034324,-0.034324,-0.706273,img_0_0_1533558213505692600.png
1533558212637,3.549785,0.000001,-6.569303,0.706927,0.015951,-0.015951,-0.706927,img_0_0_1533558213594369600.png
1533558212763,3.608158,0.000001,-6.558145,0.707095,-0.004022,0.004022,-0.707095,img_0_0_1533558213715842500.png
1533558212856,3.650631,0.000002,-6.550408,0.707026,-0.010722,0.010722,-0.707025,img_0_0_1533558213806640100.png
1533558212991,3.707519,0.000002,-6.543504,0.706960,-0.014398,0.014398,-0.706960,img_0_0_1533558213937991300.png
1533558213057,3.732721,0.000002,-6.541432,0.706952,-0.014783,0.014783,-0.706952,img_0_0_1533558214021215000.png
1533558213195,3.779596,0.000002,-6.538742,0.706966,-0.014110,0.014110,-0.706966,img_0_0_1533558214143856500.png
1533558213267,3.801028,0.000002,-6.537925,0.706981,-0.013345,0.013345,-0.706981,img_0_0_1533558214232662300.png
1533558213405,3.836801,0.000002,-6.537096,0.707012,-0.011602,0.011602,-0.707012,img_0_0_1533558214354187600.png
1533558213486,3.854859,0.000002,-6.536948,0.707028,-0.010547,0.010547,-0.707028,img_0_0_1533558214452553500.png
1533558213606,3.878108,0.000002,-6.537077,0.707049,-0.009059,0.009059,-0.707049,img_0_0_1533558214568649300.png
1533558213738,3.899487,0.000002,-6.537591,0.707066,-0.007589,0.007589,-0.707066,img_0_0_1533558214687143200.png
1533558213870,3.917165,0.000002,-6.538395,0.707079,-0.006317,0.006317,-0.707079,img_0_0_1533558214826753000.png
1533558213996,3.931159,0.000002,-6.539359,0.707087,-0.005283,0.005283,-0.707087,img_0_0_1533558214959321000.png
1533558214146,3.944794,0.000002,-6.540668,0.707094,-0.004259,0.004259,-0.707094,img_0_0_1533558215101338700.png
1533558214242,3.952078,0.000002,-6.541560,0.707097,-0.003707,0.003707,-0.707097,img_0_0_1533558215195596600.png
1533558214374,3.960563,0.000002,-6.542818,0.707100,-0.003060,0.003060,-0.707100,img_0_0_1533558215319610800.png
1533558214431,3.963750,0.000002,-6.543361,0.707101,-0.002816,0.002816,-0.707101,img_0_0_1533558215410249700.png
1533558214551,3.969696,0.000002,-6.544882,0.707061,0.008019,-0.008019,-0.707061,img_0_0_1533558215504877900.png
1533558214656,3.976844,0.000002,-6.550404,0.706788,0.021247,-0.021247,-0.706787,img_0_0_1533558215616652100.png
1533558214776,3.993156,0.000002,-6.562814,0.706512,0.029003,-0.029003,-0.706512,img_0_0_1533558215741468100.png
1533558214854,4.010031,0.000002,-6.574247,0.706402,0.031571,-0.031571,-0.706402,img_0_0_1533558215822494000.png
1533558214965,4.043674,0.000002,-6.594972,0.706311,0.033539,-0.033539,-0.706311,img_0_0_1533558215935663200.png
1533558215076,4.089124,0.000002,-6.619529,0.706579,0.027316,-0.027316,-0.706579,img_0_0_1533558216024515400.png
1533558215193,4.144339,0.000002,-6.615859,0.707104,0.001966,-0.001966,-0.707104,img_0_0_1533558216142249600.png
1533558215238,4.166120,0.000002,-6.611270,0.707098,-0.003617,0.003617,-0.707097,img_0_0_1533558216230787000.png
1533558215349,4.218535,0.000002,-6.602089,0.707010,-0.011706,0.011706,-0.707010,img_0_0_1533558216325099200.png
1533558215424,4.251813,0.000002,-6.597958,0.706965,-0.014150,0.014150,-0.706965,img_0_0_1533558216400707700.png
1533558215544,4.300331,0.000002,-6.593786,0.706941,-0.015327,0.015327,-0.706941,img_0_0_1533558216516724200.png
1533558215637,4.333689,0.000002,-6.591859,0.706949,-0.014956,0.014956,-0.706949,img_0_0_1533558216606816900.png
1533558215763,4.373147,0.000002,-6.590328,0.706975,-0.013637,0.013637,-0.706975,img_0_0_1533558216726554400.png
1533558215874,4.402869,0.000002,-6.589660,0.707002,-0.012176,0.012176,-0.707002,img_0_0_1533558216834451700.png
1533558215973,4.425820,0.000002,-6.589444,0.707024,-0.010841,0.010841,-0.707024,img_0_0_1533558216935722600.png
1533558216063,4.444097,0.000002,-6.589492,0.707041,-0.009677,0.009677,-0.707041,img_0_0_1533558217011372600.png
1533558216168,4.462664,0.000002,-6.589785,0.707057,-0.008421,0.008421,-0.707057,img_0_0_1533558217130901400.png
1533558216279,4.479479,0.000002,-6.590318,0.707070,-0.007233,0.007233,-0.707070,img_0_0_1533558217238478400.png
1533558216375,4.491997,0.000002,-6.590925,0.707079,-0.006323,0.006323,-0.707078,img_0_0_1533558217329591500.png
1533558216504,4.506291,0.000002,-6.591900,0.707087,-0.005263,0.005263,-0.707087,img_0_0_1533558217462477100.png
1533558216585,4.513987,0.000002,-6.592580,0.707091,-0.004685,0.004685,-0.707091,img_0_0_1533558217559187000.png
1533558216705,4.523841,0.000002,-6.593650,0.707096,-0.003939,0.003939,-0.707096,img_0_0_1533558217675467100.png
1533558216780,4.529178,0.000002,-6.594344,0.707098,-0.003533,0.003533,-0.707098,img_0_0_1533558217758404500.png
1533558216918,4.537592,0.000002,-6.595638,0.707101,-0.002890,0.002890,-0.707101,img_0_0_1533558217881617000.png
1533558217005,4.542086,0.000002,-6.596454,0.707102,-0.002545,0.002545,-0.707102,img_0_0_1533558217985560200.png
1533558217128,4.547540,0.000002,-6.597582,0.707104,-0.002127,0.002127,-0.707104,img_0_0_1533558218089920000.png
1533558217230,4.551376,0.000002,-6.598491,0.707105,-0.001832,0.001832,-0.707104,img_0_0_1533558218195954400.png
1533558217368,4.555731,0.000002,-6.599667,0.707105,-0.001497,0.001497,-0.707105,img_0_0_1533558218328821700.png
1533558217452,4.557981,0.000002,-6.600348,0.707106,-0.001324,0.001324,-0.707106,img_0_0_1533558218424400500.png
1533558217557,4.560711,0.000002,-6.602223,0.707008,0.011839,-0.011839,-0.707008,img_0_0_1533558218530994200.png
1533558217632,4.564569,0.000002,-6.606453,0.706783,0.021390,-0.021390,-0.706783,img_0_0_1533558218608810600.png
1533558217749,4.577759,0.000002,-6.618106,0.706514,0.028952,-0.028952,-0.706514,img_0_0_1533558218713288800.png
1533558217821,4.591386,0.000002,-6.628248,0.706410,0.031394,-0.031394,-0.706409,img_0_0_1533558218799286400.png
1533558217944,4.625667,0.000002,-6.650666,0.706308,0.033599,-0.033599,-0.706308,img_0_0_1533558218914820200.png
1533558218016,4.652509,0.000002,-6.666726,0.706276,0.034262,-0.034262,-0.706276,img_0_0_1533558218995781900.png
1533558218145,4.709608,0.000002,-6.673936,0.707079,0.006317,-0.006317,-0.707079,img_0_0_1533558219120621600.png
1533558218250,4.758483,0.000002,-6.663571,0.707079,-0.006314,0.006314,-0.707079,img_0_0_1533558219222968700.png
1533558218373,4.813362,0.000002,-6.654793,0.706991,-0.012803,0.012803,-0.706991,img_0_0_1533558219342871600.png
1533558218427,4.835860,0.000002,-6.652234,0.706968,-0.014028,0.014028,-0.706968,img_0_0_1533558219427831800.png
1533558218556,4.884853,0.000002,-6.648226,0.706953,-0.014751,0.014751,-0.706953,img_0_0_1533558219538659900.png
1533558218625,4.908234,0.000002,-6.646906,0.706960,-0.014385,0.014385,-0.706960,img_0_0_1533558219619910200.png
1533558218760,4.948503,0.000002,-6.645347,0.706988,-0.012980,0.012980,-0.706988,img_0_0_1533558219736091600.png
1533558218841,4.969436,0.000002,-6.644872,0.707006,-0.011950,0.011950,-0.707006,img_0_0_1533558219827262400.png
1533558218985,5.001358,0.000002,-6.644625,0.707035,-0.010085,0.010085,-0.707035,img_0_0_1533558219960808900.png
1533558219069,5.017207,0.000002,-6.644755,0.707049,-0.009056,0.009056,-0.707049,img_0_0_1533558220050679700.png
1533558219174,5.034071,0.000002,-6.645124,0.707063,-0.007903,0.007903,-0.707063,img_0_0_1533558220152931700.png
1533558219273,5.048634,0.000002,-6.645679,0.707074,-0.006868,0.006868,-0.707073,img_0_0_1533558220247843800.png
1533558219390,5.062896,0.000002,-6.646493,0.707083,-0.005826,0.005826,-0.707083,img_0_0_1533558220373453900.png
1533558219477,5.072036,0.000002,-6.647190,0.707088,-0.005147,0.005147,-0.707088,img_0_0_1533558220476006200.png
1533558219621,5.084836,0.000002,-6.648459,0.707094,-0.004184,0.004184,-0.707094,img_0_0_1533558220606574500.png
1533558219747,5.094028,0.000002,-6.649641,0.707098,-0.003486,0.003486,-0.707098,img_0_0_1533558220733192300.png
1533558219861,5.101004,0.000002,-6.650728,0.707101,-0.002953,0.002953,-0.707101,img_0_0_1533558220840134100.png
1533558219954,5.105894,0.000002,-6.651615,0.707102,-0.002579,0.002579,-0.707102,img_0_0_1533558220935609300.png
1533558220071,5.111173,0.000002,-6.652717,0.707103,-0.002174,0.002174,-0.707103,img_0_0_1533558221053745000.png
1533558220158,5.114552,0.000002,-6.653514,0.707104,-0.001914,0.001914,-0.707104,img_0_0_1533558221148690000.png
1533558220254,5.117815,0.000002,-6.654366,0.707105,-0.001663,0.001663,-0.707105,img_0_0_1533558221244126100.png
1533558220326,5.119977,0.000002,-6.654984,0.707105,-0.001497,0.001497,-0.707105,img_0_0_1533558221330528100.png
1533558220458,5.123395,0.000002,-6.656064,0.707106,-0.001234,0.001234,-0.707106,img_0_0_1533558221454631000.png
1533558220554,5.125498,0.000002,-6.656802,0.707106,-0.001072,0.001072,-0.707106,img_0_0_1533558221542206500.png
1533558220650,5.127324,0.000002,-6.657502,0.707106,-0.000932,0.000932,-0.707106,img_0_0_1533558221644251200.png
1533558220749,5.128957,0.000002,-6.658180,0.707106,-0.000806,0.000806,-0.707106,img_0_0_1533558221738280400.png
1533558220857,5.131127,0.000002,-6.660702,0.706931,0.015787,-0.015787,-0.706930,img_0_0_1533558221852562700.png
1533558220962,5.137874,0.000002,-6.668208,0.706647,0.025509,-0.025509,-0.706646,img_0_0_1533558221942301800.png
1533558221049,5.149431,0.000002,-6.678141,0.706475,0.029877,-0.029877,-0.706475,img_0_0_1533558222038196600.png
1533558221145,5.169755,0.000002,-6.692891,0.706362,0.032449,-0.032449,-0.706362,img_0_0_1533558222135839600.png
1533558221253,5.202959,0.000002,-6.714138,0.706292,0.033932,-0.033932,-0.706292,img_0_0_1533558222237992900.png
1533558221328,5.232662,0.000002,-6.731031,0.706456,0.030334,-0.030334,-0.706456,img_0_0_1533558222335000400.png
1533558221460,5.291682,0.000002,-6.727260,0.707106,0.001166,-0.001166,-0.707106,img_0_0_1533558222449752600.png
1533558221517,5.317891,0.000002,-6.721572,0.707089,-0.005030,0.005030,-0.707089,img_0_0_1533558222534544700.png
1533558221673,5.386315,0.000002,-6.710596,0.706985,-0.013142,0.013142,-0.706985,img_0_0_1533558222656544700.png
1533558221766,5.423116,0.000002,-6.706922,0.706959,-0.014457,0.014457,-0.706959,img_0_0_1533558222758251300.png
1533558221868,5.459449,0.000002,-6.704385,0.706960,-0.014428,0.014428,-0.706960,img_0_0_1533558222871476100.png
1533558221940,5.482557,0.000002,-6.703217,0.706970,-0.013897,0.013897,-0.706970,img_0_0_1533558222954073300.png
1533558222066,5.518203,0.000002,-6.701993,0.706997,-0.012489,0.012489,-0.706996,img_0_0_1533558223067309800.png
1533558222162,5.541602,0.000002,-6.701571,0.707017,-0.011264,0.011264,-0.707017,img_0_0_1533558223141042700.png
1533558222240,5.558460,0.000002,-6.701469,0.707032,-0.010266,0.010266,-0.707032,img_0_0_1533558223265007400.png
1533558222348,5.578953,0.000002,-6.701613,0.707050,-0.008949,0.008949,-0.707050,img_0_0_1533558223366452600.png
1533558222486,5.600942,0.000002,-6.702177,0.707068,-0.007436,0.007436,-0.707068,img_0_0_1533558223477481300.png
1533558222570,5.612340,0.000002,-6.702680,0.707076,-0.006619,0.006619,-0.707076,img_0_0_1533558223593025300.png
1533558222717,5.629234,0.000002,-6.703773,0.707086,-0.005379,0.005379,-0.707086,img_0_0_1533558223713482200.png
1533558222804,5.637658,0.000002,-6.704513,0.707091,-0.004749,0.004749,-0.707091,img_0_0_1533558223807783900.png
1533558222912,5.646733,0.000002,-6.705493,0.707095,-0.004065,0.004065,-0.707095,img_0_0_1533558223926562600.png
1533558222987,5.652243,0.000002,-6.706202,0.707097,-0.003646,0.003646,-0.707097,img_0_0_1533558224011932400.png
1533558223119,5.660589,0.000002,-6.707473,0.707100,-0.003010,0.003010,-0.707100,img_0_0_1533558224123543700.png
1533558223185,5.664195,0.000002,-6.708113,0.707102,-0.002734,0.002734,-0.707101,img_0_0_1533558224212146000.png
1533558223305,5.669923,0.000002,-6.709255,0.707103,-0.002295,0.002295,-0.707103,img_0_0_1533558224312749200.png
1533558223359,5.672190,0.000002,-6.709762,0.707104,-0.002121,0.002121,-0.707104,img_0_0_1533558224398994800.png
1533558223509,5.679169,0.000002,-6.714399,0.706862,0.018599,-0.018599,-0.706862,img_0_0_1533558224524893400.png
1533558223587,5.686518,0.000002,-6.720773,0.706651,0.025384,-0.025384,-0.706651,img_0_0_1533558224629331000.png
1533558223740,5.714454,0.000002,-6.741053,0.706393,0.031763,-0.031763,-0.706393,img_0_0_1533558224751396400.png
1533558223830,5.740692,0.000002,-6.757653,0.706319,0.033375,-0.033375,-0.706319,img_0_0_1533558224841649300.png
1533558223935,5.781194,0.000002,-6.781272,0.706278,0.034233,-0.034233,-0.706278,img_0_0_1533558224957137800.png
1533558224043,5.830608,0.000002,-6.784506,0.707077,0.006453,-0.006453,-0.707077,img_0_0_1533558225055581500.png
1533558224142,5.877757,0.000002,-6.774686,0.707083,-0.005852,0.005852,-0.707083,img_0_0_1533558225151557200.png
1533558224235,5.920788,0.000002,-6.767401,0.707009,-0.011739,0.011739,-0.707009,img_0_0_1533558225248362800.png
1533558224346,5.968400,0.000002,-6.761877,0.706955,-0.014639,0.014639,-0.706955,img_0_0_1533558225362367100.png
1533558224451,6.008815,0.000002,-6.758763,0.706946,-0.015094,0.015094,-0.706946,img_0_0_1533558225460496300.png
1533558224523,6.033827,0.000002,-6.757373,0.706954,-0.014715,0.014715,-0.706954,img_0_0_1533558225569342100.png
1533558224634,6.068234,0.000002,-6.756007,0.706977,-0.013577,0.013577,-0.706976,img_0_0_1533558225676822700.png
1533558224757,6.100916,0.000002,-6.755247,0.707005,-0.011988,0.011988,-0.707005,img_0_0_1533558225780991200.png
1533558224853,6.122863,0.000002,-6.755046,0.707026,-0.010711,0.010711,-0.707026,img_0_0_1533558225882646700.png
1533558224970,6.145909,0.000002,-6.755157,0.707047,-0.009232,0.009232,-0.707046,img_0_0_1533558225996655700.png
1533558225051,6.159761,0.000002,-6.755418,0.707058,-0.008288,0.008288,-0.707058,img_0_0_1533558226076545800.png
1533558225174,6.177941,0.000002,-6.756041,0.707072,-0.007000,0.007000,-0.707072,img_0_0_1533558226192922300.png
1533558225273,6.190398,0.000002,-6.756699,0.707081,-0.006092,0.006092,-0.707080,img_0_0_1533558226288425100.png
1533558225372,6.201186,0.000002,-6.757462,0.707087,-0.005291,0.005291,-0.707087,img_0_0_1533558226410205300.png
1533558225468,6.210262,0.000002,-6.758276,0.707092,-0.004610,0.004610,-0.707092,img_0_0_1533558226498588200.png
1533558225591,6.220180,0.000002,-6.759387,0.707096,-0.003859,0.003859,-0.707096,img_0_0_1533558226622782800.png
1533558225690,6.226963,0.000002,-6.760314,0.707099,-0.003342,0.003342,-0.707099,img_0_0_1533558226736104400.png
1533558225831,6.235077,0.000002,-6.761650,0.707102,-0.002722,0.002722,-0.707102,img_0_0_1533558226851352900.png
1533558225927,6.239717,0.000002,-6.762550,0.707103,-0.002366,0.002366,-0.707103,img_0_0_1533558226939087000.png
1533558226023,6.243750,0.000002,-6.763431,0.707104,-0.002056,0.002056,-0.707104,img_0_0_1533558227045674100.png
1533558226113,6.247048,0.000002,-6.764235,0.707105,-0.001803,0.001803,-0.707104,img_0_0_1533558227127287200.png
1533558226212,6.250209,0.000002,-6.765088,0.707105,-0.001560,0.001560,-0.707105,img_0_0_1533558227233181500.png
1533558226299,6.252632,0.000002,-6.765808,0.707106,-0.001373,0.001373,-0.707105,img_0_0_1533558227316225100.png
1533558226395,6.254972,0.000002,-6.766568,0.707106,-0.001193,0.001193,-0.707106,img_0_0_1533558227417165700.png
1533558226497,6.257122,0.000002,-6.767331,0.707106,-0.001027,0.001027,-0.707106,img_0_0_1533558227515588100.png
1533558226602,6.259023,0.000002,-6.768098,0.707107,0.000426,-0.000426,-0.707107,img_0_0_1533558227635161800.png
1533558226698,6.261634,0.000002,-6.771356,0.706875,0.018092,-0.018092,-0.706875,img_0_0_1533558227734451300.png
1533558226809,6.270460,0.000002,-6.780375,0.706590,0.027024,-0.027024,-0.706590,img_0_0_1533558227857584400.png
1533558226938,6.292722,0.000002,-6.797655,0.706391,0.031803,-0.031803,-0.706391,img_0_0_1533558227955567700.png
1533558227034,6.319089,0.000002,-6.815118,0.706314,0.033473,-0.033473,-0.706314,img_0_0_1533558228071179700.png
1533558227136,6.356879,0.000002,-6.837867,0.706276,0.034264,-0.034264,-0.706276,img_0_0_1533558228198688000.png
1533558227274,6.418310,0.000002,-6.838045,0.707102,0.002554,-0.002554,-0.707102,img_0_0_1533558228302906900.png
1533558227376,6.465174,0.000002,-6.828251,0.707063,-0.007888,0.007888,-0.707063,img_0_0_1533558228395961500.png
1533558227484,6.512391,0.000002,-6.821065,0.706989,-0.012889,0.012889,-0.706989,img_0_0_1533558228509024500.png
1533558227568,6.546274,0.000002,-6.817488,0.706961,-0.014350,0.014350,-0.706961,img_0_0_1533558228598022100.png
1533558227688,6.589734,0.000002,-6.814319,0.706958,-0.014489,0.014489,-0.706958,img_0_0_1533558228712648500.png
1533558227799,6.624739,0.000002,-6.812652,0.706976,-0.013580,0.013580,-0.706976,img_0_0_1533558228848277700.png
1533558227922,6.658080,0.000002,-6.811685,0.707003,-0.012109,0.012109,-0.707003,img_0_0_1533558228964413400.png
1533558228024,6.681812,0.000002,-6.811373,0.707025,-0.010793,0.010793,-0.707024,img_0_0_1533558229055774200.png
1533558228135,6.704082,0.000003,-6.811409,0.707044,-0.009403,0.009403,-0.707044,img_0_0_1533558229183702000.png
1533558228258,6.724992,0.000003,-6.811800,0.707062,-0.007993,0.007993,-0.707062,img_0_0_1533558229292755600.png
1533558228381,6.742519,0.000003,-6.812471,0.707075,-0.006750,0.006750,-0.707075,img_0_0_1533558229411796800.png
1533558228474,6.753848,0.000003,-6.813121,0.707082,-0.005924,0.005924,-0.707082,img_0_0_1533558229514538500.png
1533558228582,6.765221,0.000003,-6.813987,0.707089,-0.005080,0.005080,-0.707088,img_0_0_1533558229623093400.png
1533558228654,6.771867,0.000003,-6.814614,0.707092,-0.004581,0.004581,-0.707092,img_0_0_1533558229703519800.png
1533558228801,6.783449,0.000003,-6.815974,0.707097,-0.003704,0.003704,-0.707097,img_0_0_1533558229826587200.png
1533558228861,6.787508,0.000003,-6.816546,0.707099,-0.003396,0.003395,-0.707099,img_0_0_1533558229924889800.png
1533558228993,6.795274,0.000003,-6.817822,0.707101,-0.002802,0.002802,-0.707101,img_0_0_1533558230027245500.png
1533558229065,6.798920,0.000003,-6.818510,0.707102,-0.002523,0.002523,-0.707102,img_0_0_1533558230113048200.png
1533558229182,6.804082,0.000003,-6.819613,0.707104,-0.002126,0.002126,-0.707104,img_0_0_1533558230227927800.png
1533558229269,6.807390,0.000003,-6.820410,0.707104,-0.001872,0.001872,-0.707104,img_0_0_1533558230318013900.png
1533558229410,6.811929,0.000003,-6.821650,0.707105,-0.001523,0.001523,-0.707105,img_0_0_1533558230474900600.png
1533558229494,6.814219,0.000003,-6.822353,0.707106,-0.001347,0.001347,-0.707105,img_0_0_1533558230556957400.png
1533558229650,6.818112,0.000003,-6.824740,0.706999,0.012321,-0.012321,-0.706999,img_0_0_1533558230688584800.png
1533558229797,6.828975,0.000003,-6.835627,0.706593,0.026957,-0.026957,-0.706593,img_0_0_1533558230835653500.png
1533558229887,6.843387,0.000003,-6.847017,0.706440,0.030706,-0.030706,-0.706440,img_0_0_1533558230931922200.png
1533558230007,6.873842,0.000003,-6.867594,0.706324,0.033259,-0.033259,-0.706324,img_0_0_1533558231055795000.png
1533558230100,6.906922,0.000003,-6.887695,0.706278,0.034220,-0.034220,-0.706278,img_0_0_1533558231162377500.png
1533558230232,6.965146,0.000003,-6.897672,0.707071,0.007080,-0.007080,-0.707071,img_0_0_1533558231285105700.png
1533558230328,7.010034,0.000003,-6.888144,0.707089,-0.004988,0.004988,-0.707089,img_0_0_1533558231376983600.png
1533558230439,7.060400,0.000003,-6.879508,0.707006,-0.011930,0.011930,-0.707006,img_0_0_1533558231498070300.png
1533558230538,7.101951,0.000003,-6.874681,0.706961,-0.014348,0.014348,-0.706961,img_0_0_1533558231582364300.png
1533558230628,7.136317,0.000003,-6.871884,0.706951,-0.014843,0.014843,-0.706951,img_0_0_1533558231703830200.png
1533558230733,7.172159,0.000003,-6.869831,0.706962,-0.014319,0.014319,-0.706962,img_0_0_1533558231807903700.png
1533558230874,7.213398,0.000003,-6.868348,0.706992,-0.012767,0.012767,-0.706991,img_0_0_1533558231919940400.png
1533558230973,7.238054,0.000003,-6.867884,0.707014,-0.011482,0.011482,-0.707013,img_0_0_1533558232022325200.png
1533558231123,7.269527,0.000003,-6.867811,0.707042,-0.009560,0.009560,-0.707042,img_0_0_1533558232176430700.png
1533558231210,7.284949,0.000003,-6.868036,0.707055,-0.008529,0.008529,-0.707055,img_0_0_1533558232259682800.png
1533558231324,7.302457,0.000003,-6.868557,0.707069,-0.007305,0.007305,-0.707069,img_0_0_1533558232377359300.png
1533558231420,7.315124,0.000003,-6.869157,0.707078,-0.006391,0.006391,-0.707078,img_0_0_1533558232483456900.png
1533558231534,7.328045,0.000003,-6.870012,0.707086,-0.005438,0.005438,-0.707086,img_0_0_1533558232587880000.png
1533558231630,7.337381,0.000003,-6.870820,0.707091,-0.004739,0.004739,-0.707091,img_0_0_1533558232677599800.png
1533558231729,7.345733,0.000003,-6.871737,0.707102,-0.002710,0.002710,-0.707102,img_0_0_1533558232790024600.png
1533558231789,7.350569,0.000003,-6.873411,0.707030,0.010445,-0.010445,-0.707030,img_0_0_1533558232878996900.png
1533558231921,7.366183,0.000003,-6.882943,0.706656,0.025258,-0.025258,-0.706656,img_0_0_1533558232983137200.png
1533558232008,7.382966,0.000003,-6.893475,0.706483,0.029702,-0.029702,-0.706483,img_0_0_1533558233068501600.png
1533558232146,7.423083,0.000003,-6.916852,0.706332,0.033088,-0.033088,-0.706332,img_0_0_1533558233182810000.png
1533558232221,7.452431,0.000003,-6.932916,0.706290,0.033974,-0.033974,-0.706290,img_0_0_1533558233275679700.png
1533558232320,7.498676,0.000003,-6.949081,0.706908,0.016790,-0.016790,-0.706907,img_0_0_1533558233383364800.png
1533558232371,7.524094,0.000003,-6.946109,0.707083,0.005749,-0.005749,-0.707083,img_0_0_1533558233466034400.png
1533558232515,7.596551,0.000003,-6.932504,0.707034,-0.010181,0.010181,-0.707033,img_0_0_1533558233568040300.png
1533558232614,7.643502,0.000003,-6.926363,0.706958,-0.014509,0.014509,-0.706958,img_0_0_1533558233671900400.png
1533558232695,7.678992,0.000003,-6.923133,0.706929,-0.015845,0.015845,-0.706929,img_0_0_1533558233770434900.png
1533558232803,7.721761,0.000003,-6.920415,0.706928,-0.015920,0.015920,-0.706928,img_0_0_1533558233881170400.png
1533558232947,7.770757,0.000003,-6.918438,0.706957,-0.014536,0.014536,-0.706957,img_0_0_1533558234000521000.png
1533558233064,7.804314,0.000003,-6.917650,0.706988,-0.012946,0.012946,-0.706988,img_0_0_1533558234120999400.png
1533558233226,7.842728,0.000003,-6.917337,0.707026,-0.010677,0.010677,-0.707026,img_0_0_1533558234289630900.png
1533558233319,7.861133,0.000003,-6.917462,0.707044,-0.009463,0.009463,-0.707043,img_0_0_1533558234385096300.png
1533558233430,7.880128,0.000003,-6.917840,0.707060,-0.008146,0.008146,-0.707060,img_0_0_1533558234491229900.png
1533558233568,7.899878,0.000003,-6.918585,0.707075,-0.006722,0.006722,-0.707075,img_0_0_1533558234618085400.png
1533558233691,7.914441,0.000003,-6.919442,0.707084,-0.005644,0.005644,-0.707084,img_0_0_1533558234755878200.png
1533558233823,7.927422,0.000003,-6.920501,0.707091,-0.004669,0.004669,-0.707091,img_0_0_1533558234887095700.png
1533558233916,7.935176,0.000003,-6.921303,0.707095,-0.004081,0.004081,-0.707095,img_0_0_1533558234978304500.png
1533558234018,7.942616,0.000003,-6.922651,0.707066,0.007619,-0.007619,-0.707066,img_0_0_1533558235089845800.png
1533558234114,7.951109,0.000003,-6.927587,0.706822,0.020082,-0.020082,-0.706822,img_0_0_1533558235179803200.png
1533558234219,7.966406,0.000003,-6.937772,0.706561,0.027783,-0.027783,-0.706561,img_0_0_1533558235290980000.png
1533558234300,7.984106,0.000003,-6.948929,0.706429,0.030950,-0.030950,-0.706429,img_0_0_1533558235385286900.png
1533558234450,8.032611,0.000003,-6.976960,0.706302,0.033722,-0.033722,-0.706302,img_0_0_1533558235526046800.png
1533558234543,8.073443,0.000003,-6.997371,0.706641,0.025667,-0.025667,-0.706641,img_0_0_1533558235617627800.png
1533558234624,8.112857,0.000003,-6.996444,0.707079,0.006306,-0.006306,-0.707079,img_0_0_1533558235723431000.png
1533558234708,8.154902,0.000003,-6.988080,0.707091,-0.004757,0.004757,-0.707091,img_0_0_1533558235819646300.png
1533558234861,8.228341,0.000003,-6.976831,0.706967,-0.014064,0.014064,-0.706967,img_0_0_1533558235933914900.png
1533558234924,8.256135,0.000003,-6.974069,0.706940,-0.015361,0.015361,-0.706940,img_0_0_1533558236024374000.png
1533558235074,8.315319,0.000003,-6.970097,0.706934,-0.015655,0.015655,-0.706933,img_0_0_1533558236163115900.png
1533558235161,8.345111,0.000003,-6.968821,0.706950,-0.014876,0.014876,-0.706950,img_0_0_1533558236251995800.png
1533558235257,8.374331,0.000003,-6.967938,0.706975,-0.013679,0.013679,-0.706974,img_0_0_1533558236352131300.png
1533558235332,8.394686,0.000003,-6.967534,0.706994,-0.012643,0.012643,-0.706994,img_0_0_1533558236433565900.png
1533558235473,8.427696,0.000003,-6.967278,0.707026,-0.010689,0.010689,-0.707026,img_0_0_1533558236567417900.png
1533558235563,8.445593,0.000003,-6.967386,0.707043,-0.009517,0.009517,-0.707043,img_0_0_1533558236668356500.png
1533558235707,8.469848,0.000003,-6.967904,0.707063,-0.007834,0.007834,-0.707063,img_0_0_1533558236794880600.png
1533558235809,8.484228,0.000003,-6.968472,0.707074,-0.006796,0.006796,-0.707074,img_0_0_1533558236890808700.png
1533558235917,8.497302,0.000003,-6.969211,0.707083,-0.005832,0.005832,-0.707083,img_0_0_1533558236999349100.png
1533558235953,8.501222,0.000003,-6.969482,0.707085,-0.005540,0.005540,-0.707085,img_0_0_1533558237079647600.png
1533558236109,8.516023,0.000003,-6.970767,0.707093,-0.004426,0.004426,-0.707093,img_0_0_1533558237195377900.png
1533558236163,8.520410,0.000003,-6.971242,0.707095,-0.004094,0.004094,-0.707095,img_0_0_1533558237291543600.png
1533558236313,8.530594,0.000003,-6.973842,0.706930,-0.015800,0.015800,-0.706930,img_0_0_1533558237399583900.png
1533558236412,8.532605,0.000003,-6.980326,0.706647,-0.025507,0.025507,-0.706647,img_0_0_1533558237505541000.png
1533558236529,8.525708,0.000003,-6.993588,0.706435,-0.030823,0.030823,-0.706435,img_0_0_1533558237611427500.png
1533558236619,8.512226,0.000003,-7.007793,0.706343,-0.032857,0.032857,-0.706343,img_0_0_1533558237708027700.png
1533558236766,8.473532,0.000003,-7.038316,0.706269,-0.034407,0.034407,-0.706269,img_0_0_1533558237847796200.png
1533558236832,8.449876,0.000003,-7.048706,0.706837,-0.019532,0.019532,-0.706837,img_0_0_1533558237922331200.png
1533558236928,8.412642,0.000003,-7.042436,0.707099,-0.003305,0.003305,-0.707099,img_0_0_1533558238038440100.png
1533558237003,8.382727,0.000003,-7.034984,0.707093,0.004376,-0.004376,-0.707093,img_0_0_1533558238125336900.png
1533558237156,8.324435,0.000003,-7.024304,0.707016,0.011330,-0.011330,-0.707016,img_0_0_1533558238251454700.png
1533558237300,8.276109,0.000003,-7.019011,0.706994,0.012653,-0.012653,-0.706994,img_0_0_1533558238395205700.png
1533558237375,8.253833,0.000003,-7.017371,0.706998,0.012416,-0.012416,-0.706998,img_0_0_1533558238483045600.png
1533558237516,8.217188,0.000003,-7.015577,0.707018,0.011223,-0.011224,-0.707018,img_0_0_1533558238611562300.png
1533558237597,8.199009,0.000003,-7.015092,0.707031,0.010349,-0.010349,-0.707031,img_0_0_1533558238701476700.png
1533558237723,8.174449,0.000003,-7.014896,0.707050,0.008946,-0.008946,-0.707050,img_0_0_1533558238817443700.png
1533558237819,8.158438,0.000003,-7.015097,0.707062,0.007923,-0.007923,-0.707062,img_0_0_1533558238920925200.png
1533558237909,8.145287,0.000003,-7.015494,0.707072,0.007033,-0.007033,-0.707072,img_0_0_1533558239035828000.png
1533558238032,8.129850,0.000003,-7.016287,0.707082,0.005943,-0.005943,-0.707082,img_0_0_1533558239125987900.png
1533558238173,8.115224,0.000003,-7.017453,0.707090,0.004873,-0.004873,-0.707090,img_0_0_1533558239267800100.png
1533558238242,8.109087,0.000003,-7.018091,0.707093,0.004417,-0.004417,-0.707093,img_0_0_1533558239359473200.png
1533558238383,8.098308,0.000003,-7.019481,0.707098,0.003606,-0.003606,-0.707098,img_0_0_1533558239492849300.png
1533558238515,8.090044,0.000003,-7.020837,0.707101,0.002978,-0.002978,-0.707100,img_0_0_1533558239617837200.png
1533558238587,8.086164,0.000003,-7.021581,0.707102,0.002682,-0.002682,-0.707102,img_0_0_1533558239700891000.png
1533558238710,8.079762,0.000003,-7.024662,0.706951,-0.014826,0.014826,-0.706951,img_0_0_1533558239817188800.png
1533558238800,8.071795,0.000003,-7.031134,0.706700,-0.023975,0.023975,-0.706700,img_0_0_1533558239900992700.png
1533558238917,8.052989,0.000003,-7.044939,0.706464,-0.030139,0.030139,-0.706464,img_0_0_1533558240030788300.png
1533558238980,8.038062,0.000003,-7.054821,0.706386,-0.031921,0.031921,-0.706386,img_0_0_1533558240115709300.png
1533558239115,7.993566,0.000003,-7.081637,0.706291,-0.033949,0.033949,-0.706291,img_0_0_1533558240221829800.png
1533558239184,7.964062,0.000003,-7.097280,0.706520,-0.028800,0.028800,-0.706520,img_0_0_1533558240317412400.png
1533558239319,7.900139,0.000003,-7.092534,0.707107,0.000373,-0.000373,-0.707107,img_0_0_1533558240431530100.png
1533558239409,7.856874,0.000003,-7.084039,0.707052,0.008834,-0.008834,-0.707052,img_0_0_1533558240514812400.png
1533558239508,7.811565,0.000003,-7.077486,0.706978,0.013496,-0.013496,-0.706978,img_0_0_1533558240614208700.png
1533558239610,7.768744,0.000003,-7.073277,0.706944,0.015192,-0.015192,-0.706944,img_0_0_1533558240713744700.png
1533558239706,7.732477,0.000003,-7.070821,0.706943,0.015233,-0.015233,-0.706943,img_0_0_1533558240816202000.png
1533558239817,7.695434,0.000003,-7.069093,0.706962,0.014322,-0.014322,-0.706962,img_0_0_1533558240947876600.png
1533558239955,7.656209,0.000003,-7.067981,0.706995,0.012594,-0.012594,-0.706995,img_0_0_1533558241066450200.png
1533558240009,7.642741,0.000003,-7.067766,0.707007,0.011863,-0.011863,-0.707007,img_0_0_1533558241151568000.png
1533558240183,7.605630,0.000003,-7.067691,0.707042,0.009575,-0.009575,-0.707042,img_0_0_1533558241286774000.png
1533558240279,7.588748,0.000003,-7.067966,0.707057,0.008430,-0.008430,-0.707057,img_0_0_1533558241384080500.png
1533558240369,7.574896,0.000003,-7.068382,0.707068,0.007454,-0.007454,-0.707067,img_0_0_1533558241500779700.png
1533558240447,7.564266,0.000003,-7.068843,0.707075,0.006686,-0.006686,-0.707075,img_0_0_1533558241580766000.png
1533558240600,7.546603,0.000003,-7.069956,0.707086,0.005382,-0.005382,-0.707086,img_0_0_1533558241707647400.png
1533558240693,7.537640,0.000003,-7.070731,0.707091,0.004710,-0.004710,-0.707091,img_0_0_1533558241802598200.png
1533558240789,7.529562,0.000003,-7.071807,0.707093,-0.004414,0.004414,-0.707093,img_0_0_1533558241905537600.png
1533558240873,7.521912,0.000003,-7.075422,0.706895,-0.017308,0.017308,-0.706895,img_0_0_1533558242004416000.png
1533558240999,7.503558,0.000003,-7.086877,0.706571,-0.027528,0.027528,-0.706571,img_0_0_1533558242117214700.png
1533558241074,7.486923,0.000003,-7.097013,0.706444,-0.030607,0.030607,-0.706444,img_0_0_1533558242202199500.png
1533558241224,7.438448,0.000003,-7.124469,0.706308,-0.033599,0.033599,-0.706308,img_0_0_1533558242350675300.png
1533558241368,7.372750,0.000003,-7.148419,0.706942,-0.015256,0.015256,-0.706942,img_0_0_1533558242497340400.png
1533558241458,7.327287,0.000003,-7.140832,0.707105,0.001460,-0.001460,-0.707105,img_0_0_1533558242592639900.png
1533558241605,7.254292,0.000003,-7.128504,0.706989,0.012933,-0.012933,-0.706988,img_0_0_1533558242727020600.png
1533558241683,7.218391,0.000003,-7.124547,0.706943,0.015234,-0.015234,-0.706943,img_0_0_1533558242816417100.png
1533558241782,7.176595,0.000003,-7.121294,0.706923,0.016111,-0.016111,-0.706923,img_0_0_1533558242918112400.png
1533558241893,7.134989,0.000003,-7.119106,0.706935,0.015604,-0.015604,-0.706935,img_0_0_1533558243033813000.png
1533558242013,7.096045,0.000003,-7.117766,0.706964,0.014230,-0.014230,-0.706964,img_0_0_1533558243139776700.png
1533558242118,7.066691,0.000003,-7.117154,0.706992,0.012771,-0.012771,-0.706991,img_0_0_1533558243243683700.png
1533558242223,7.041277,0.000003,-7.116915,0.707017,0.011285,-0.011285,-0.707017,img_0_0_1533558243357918700.png
1533558242319,7.021098,0.000003,-7.116954,0.707036,0.009989,-0.009989,-0.707036,img_0_0_1533558243472579500.png
1533558242469,6.994605,0.000003,-7.117405,0.707060,0.008169,-0.008169,-0.707060,img_0_0_1533558243603504200.png
1533558242574,6.979186,0.000003,-7.117946,0.707072,0.007061,-0.007061,-0.707071,img_0_0_1533558243706908400.png
1533558242676,6.966292,0.000002,-7.118607,0.707080,0.006113,-0.006113,-0.707080,img_0_0_1533558243822694200.png
1533558242787,6.954270,0.000002,-7.119442,0.707088,0.005216,-0.005216,-0.707088,img_0_0_1533558243916927100.png
1533558242910,6.943038,0.000002,-7.120465,0.707093,0.004368,-0.004368,-0.707093,img_0_0_1533558244045720200.png
1533558242973,6.938020,0.000002,-7.121016,0.707096,0.003987,-0.003987,-0.707096,img_0_0_1533558244148860100.png
1533558243111,6.928518,0.000002,-7.122301,0.707106,0.001101,-0.001101,-0.707106,img_0_0_1533558244260211700.png
1533558243184,6.923676,0.000002,-7.124605,0.706971,-0.013836,0.013836,-0.706971,img_0_0_1533558244337713500.png
1533558243310,6.909694,0.000002,-7.134367,0.706625,-0.026091,0.026091,-0.706625,img_0_0_1533558244453221400.png
1533558243394,6.894096,0.000002,-7.144791,0.706469,-0.030032,0.030032,-0.706469,img_0_0_1533558244552833000.png
1533558243538,6.852890,0.000002,-7.169688,0.706322,-0.033306,0.033306,-0.706322,img_0_0_1533558244680571100.png
1533558243625,6.818420,0.000002,-7.188941,0.706279,-0.034201,0.034201,-0.706279,img_0_0_1533558244766105100.png
1533558243685,6.790812,0.000002,-7.199193,0.706848,-0.019122,0.019122,-0.706848,img_0_0_1533558244854653000.png
1533558243823,6.723262,0.000002,-7.189275,0.707097,0.003656,-0.003656,-0.707097,img_0_0_1533558244964951000.png
1533558243913,6.679500,0.000002,-7.181505,0.707023,0.010906,-0.010906,-0.707023,img_0_0_1533558245065176200.png
1533558244018,6.631580,0.000002,-7.175529,0.706955,0.014662,-0.014662,-0.706955,img_0_0_1533558245166548300.png
1533558244090,6.601295,0.000002,-7.172876,0.706936,0.015564,-0.015564,-0.706935,img_0_0_1533558245245803900.png
1533558244216,6.553755,0.000002,-7.169976,0.706940,0.015357,-0.015357,-0.706940,img_0_0_1533558245368714800.png
1533558244285,6.530638,0.000002,-7.168999,0.706954,0.014715,-0.014715,-0.706954,img_0_0_1533558245438814200.png
1533558244414,6.492598,0.000002,-7.167906,0.706986,0.013090,-0.013090,-0.706986,img_0_0_1533558245564863500.png
1533558244519,6.466170,0.000002,-7.167519,0.707011,0.011639,-0.011639,-0.707011,img_0_0_1533558245667147600.png
1533558244639,6.440338,0.000002,-7.167485,0.707036,0.010028,-0.010028,-0.707036,img_0_0_1533558245793167800.png
1533558244789,6.413657,0.000002,-7.167908,0.707059,0.008215,-0.008215,-0.707059,img_0_0_1533558245947901600.png
1533558244891,6.398534,0.000002,-7.168425,0.707071,0.007135,-0.007135,-0.707071,img_0_0_1533558246040313200.png
1533558244996,6.385132,0.000002,-7.169104,0.707080,0.006155,-0.006155,-0.707080,img_0_0_1533558246151567400.png
1533558245065,6.377374,0.000002,-7.169614,0.707085,0.005579,-0.005579,-0.707085,img_0_0_1533558246255136900.png
1533558245212,6.363234,0.000002,-7.170825,0.707092,0.004517,-0.004517,-0.707092,img_0_0_1533558246375322200.png
1533558245299,6.356187,0.000002,-7.171594,0.707096,0.003983,-0.003983,-0.707096,img_0_0_1533558246453603300.png
1533558245404,6.348791,0.000002,-7.172641,0.707106,-0.000728,0.000728,-0.707106,img_0_0_1533558246560291100.png
1533558245506,6.340918,0.000002,-7.176911,0.706872,-0.018206,0.018206,-0.706872,img_0_0_1533558246660608300.png
1533558245620,6.325772,0.000002,-7.187297,0.706576,-0.027384,0.027384,-0.706576,img_0_0_1533558246777430000.png
1533558245767,6.291028,0.000002,-7.209070,0.706366,-0.032353,0.032353,-0.706366,img_0_0_1533558246923192000.png
1533558245836,6.267901,0.000002,-7.222451,0.706315,-0.033454,0.033454,-0.706315,img_0_0_1533558247008199900.png
1533558245944,6.222484,0.000002,-7.246655,0.706464,-0.030137,0.030137,-0.706464,img_0_0_1533558247124302000.png
1533558246037,6.177649,0.000002,-7.246799,0.707082,-0.005965,0.005965,-0.707082,img_0_0_1533558247212759200.png
1533558246166,6.113755,0.000002,-7.234370,0.707051,0.008869,-0.008869,-0.707051,img_0_0_1533558247328965400.png
1533558246226,6.085073,0.000002,-7.229996,0.707000,0.012312,-0.012312,-0.707000,img_0_0_1533558247421973900.png
1533558246373,6.020479,0.000002,-7.223313,0.706934,0.015632,-0.015632,-0.706934,img_0_0_1533558247538150000.png
1533558246433,5.996779,0.000002,-7.221697,0.706931,0.015762,-0.015762,-0.706931,img_0_0_1533558247635783000.png
1533558246571,5.948270,0.000002,-7.219362,0.706952,0.014788,-0.014788,-0.706952,img_0_0_1533558247741077700.png
1533558246652,5.923515,0.000002,-7.218586,0.706972,0.013799,-0.013799,-0.706972,img_0_0_1533558247839041500.png
1533558246790,5.887066,0.000002,-7.217917,0.707007,0.011902,-0.011902,-0.707007,img_0_0_1533558247965277500.png
1533558246841,5.875254,0.000002,-7.217832,0.707018,0.011197,-0.011197,-0.707018,img_0_0_1533558248042550300.png
1533558247024,5.839224,0.000002,-7.218070,0.707052,0.008843,-0.008843,-0.707051,img_0_0_1533558248186076500.png
1533558247090,5.828373,0.000002,-7.218327,0.707061,0.008085,-0.008085,-0.707061,img_0_0_1533558248267700200.png
1533558247231,5.808378,0.000003,-7.219103,0.707076,0.006645,-0.006645,-0.707075,img_0_0_1533558248393794900.png
1533558247288,5.801385,0.000003,-7.219489,0.707080,0.006131,-0.006131,-0.707080,img_0_0_1533558248492941800.png
1533558247420,5.787254,0.000003,-7.220501,0.707089,0.005077,-0.005077,-0.707089,img_0_0_1533558248603409900.png
1533558247495,5.780356,0.000003,-7.221132,0.707092,0.004557,-0.004557,-0.707092,img_0_0_1533558248684625300.png
1533558247621,5.770339,0.000003,-7.222249,0.707097,0.003797,-0.003797,-0.707097,img_0_0_1533558248793508500.png
1533558247708,5.764419,0.000003,-7.223194,0.707101,-0.002994,0.002994,-0.707100,img_0_0_1533558248877301400.png
1533558247816,5.755822,0.000003,-7.228164,0.706838,-0.019489,0.019489,-0.706838,img_0_0_1533558248983331700.png
1533558247885,5.747244,0.000003,-7.234129,0.706649,-0.025437,0.025437,-0.706649,img_0_0_1533558249060077000.png
1533558248008,5.723011,0.000003,-7.249959,0.706428,-0.030981,0.030981,-0.706428,img_0_0_1533558249191305800.png
1533558248104,5.694824,0.000003,-7.266815,0.706335,-0.033038,0.033038,-0.706335,img_0_0_1533558249272586400.png
1533558248191,5.661693,0.000003,-7.285426,0.706287,-0.034051,0.034051,-0.706286,img_0_0_1533558249383765400.png
1533558248284,5.619006,0.000003,-7.300182,0.706904,-0.016942,0.016942,-0.706904,img_0_0_1533558249479056000.png
1533558248401,5.561316,0.000003,-7.290603,0.707100,0.003117,-0.003117,-0.707100,img_0_0_1533558249592744600.png
1533558248491,5.517272,0.000003,-7.282675,0.707027,0.010621,-0.010621,-0.707027,img_0_0_1533558249669604600.png
1533558248611,5.462383,0.000003,-7.275893,0.706950,0.014904,-0.014904,-0.706950,img_0_0_1533558249802531700.png
1533558248692,5.428662,0.000003,-7.273105,0.706932,0.015712,-0.015712,-0.706932,img_0_0_1533558249895053500.png
1533558248830,5.377865,0.000003,-7.270279,0.706944,0.015166,-0.015166,-0.706944,img_0_0_1533558250023425900.png
1533558248926,5.347328,0.000003,-7.269189,0.706966,0.014093,-0.014093,-0.706966,img_0_0_1533558250109964300.png
1533558249055,5.311957,0.000003,-7.268422,0.706999,0.012348,-0.012348,-0.706999,img_0_0_1533558250238634900.png
1533558249151,5.289412,0.000003,-7.268230,0.707021,0.011021,-0.011021,-0.707021,img_0_0_1533558250337528600.png
1533558249253,5.268562,0.000003,-7.268299,0.707041,0.009679,-0.009679,-0.707040,img_0_0_1533558250450036700.png
1533558249346,5.252016,0.000003,-7.268562,0.707055,0.008552,-0.008552,-0.707055,img_0_0_1533558250534267900.png
1533558249436,5.237977,0.000003,-7.268968,0.707066,0.007559,-0.007559,-0.707066,img_0_0_1533558250655736000.png
1533558249559,5.221516,0.000003,-7.269713,0.707078,0.006363,-0.006363,-0.707078,img_0_0_1533558250765125200.png
1533558249691,5.206836,0.000003,-7.270696,0.707087,0.005272,-0.005272,-0.707087,img_0_0_1533558250894536900.png
1533558249775,5.198860,0.000003,-7.271392,0.707091,0.004672,-0.004672,-0.707091,img_0_0_1533558250990529900.png
1533558249937,5.185383,0.000003,-7.274510,0.706981,-0.013358,0.013358,-0.706981,img_0_0_1533558251137922900.png
1533558250024,5.175546,0.000003,-7.280471,0.706731,-0.023060,0.023060,-0.706731,img_0_0_1533558251228440900.png
1533558250120,5.158909,0.000003,-7.290981,0.706518,-0.028858,0.028858,-0.706518,img_0_0_1533558251322622300.png
1533558250198,5.139829,0.000003,-7.302468,0.706406,-0.031481,0.031481,-0.706406,img_0_0_1533558251413623500.png
1533558250297,5.107612,0.000003,-7.320769,0.706320,-0.033343,0.033343,-0.706320,img_0_0_1533558251522707800.png
1533558250429,5.050233,0.000003,-7.348457,0.706778,-0.021565,0.021565,-0.706778,img_0_0_1533558251629224000.png
1533558250546,4.991843,0.000003,-7.342134,0.707107,0.000583,-0.000583,-0.707107,img_0_0_1533558251753951900.png
1533558250639,4.945081,0.000003,-7.333408,0.707042,0.009581,-0.009581,-0.707042,img_0_0_1533558251851229700.png
1533558250741,4.896425,0.000003,-7.326861,0.706961,0.014354,-0.014354,-0.706961,img_0_0_1533558251962613400.png
1533558250813,4.864543,0.000003,-7.323847,0.706932,0.015706,-0.015706,-0.706932,img_0_0_1533558252037652500.png
1533558250933,4.816525,0.000003,-7.320689,0.706927,0.015940,-0.015940,-0.706927,img_0_0_1533558252152365600.png
1533558251023,4.784738,0.000003,-7.319277,0.706943,0.015207,-0.015207,-0.706943,img_0_0_1533558252235729300.png
1533558251140,4.748533,0.000003,-7.318187,0.706973,0.013746,-0.013746,-0.706973,img_0_0_1533558252352446600.png
1533558251236,4.722784,0.000003,-7.317730,0.706998,0.012395,-0.012395,-0.706998,img_0_0_1533558252440476500.png
1533558251329,4.700892,0.000003,-7.317568,0.707020,0.011089,-0.011089,-0.707020,img_0_0_1533558252545756300.png
1533558251425,4.681103,0.000003,-7.317636,0.707039,0.009808,-0.009808,-0.707039,img_0_0_1533558252638521400.png
1533558251545,4.659888,0.000003,-7.317996,0.707058,0.008351,-0.008351,-0.707057,img_0_0_1533558252761446100.png
1533558251602,4.651022,0.000003,-7.318255,0.707065,0.007721,-0.007721,-0.707065,img_0_0_1533558252839023300.png
1533558251740,4.632354,0.000003,-7.319073,0.707078,0.006363,-0.006363,-0.707078,img_0_0_1533558252960349500.png
1533558251839,4.621089,0.000003,-7.319789,0.707085,0.005526,-0.005526,-0.707085,img_0_0_1533558253045201100.png
1533558251947,4.610518,0.000003,-7.320658,0.707091,0.004731,-0.004731,-0.707091,img_0_0_1533558253159863800.png
1533558252034,4.602803,0.000003,-7.322544,0.707034,-0.010164,0.010164,-0.707034,img_0_0_1533558253268910600.png
1533558252181,4.583631,0.000003,-7.333547,0.706623,-0.026166,0.026166,-0.706622,img_0_0_1533558253394201900.png
1533558252277,4.562912,0.000003,-7.345910,0.706450,-0.030470,0.030470,-0.706450,img_0_0_1533558253492719600.png
1533558252370,4.535147,0.000003,-7.361653,0.706349,-0.032722,0.032722,-0.706349,img_0_0_1533558253587860900.png
1533558252445,4.506820,0.000003,-7.376999,0.706301,-0.033751,0.033751,-0.706301,img_0_0_1533558253681579500.png
1533558252571,4.448020,0.000003,-7.397702,0.706931,-0.015760,0.015760,-0.706931,img_0_0_1533558253813779200.png
1533558252694,4.385249,0.000003,-7.387008,0.707090,0.004814,-0.004814,-0.707090,img_0_0_1533558253913828800.png
1533558252796,4.334243,0.000003,-7.378679,0.706998,0.012433,-0.012433,-0.706997,img_0_0_1533558254016002800.png
1533558252886,4.292153,0.000003,-7.373933,0.706941,0.015332,-0.015332,-0.706940,img_0_0_1533558254098178600.png
1533558252979,4.252321,0.000003,-7.370822,0.706920,0.016245,-0.016245,-0.706920,img_0_0_1533558254206323900.png
1533558253108,4.203579,0.000003,-7.368301,0.706934,0.015654,-0.015654,-0.706933,img_0_0_1533558254328117400.png
1533558253210,4.170220,0.000003,-7.367182,0.706959,0.014466,-0.014466,-0.706959,img_0_0_1533558254447802900.png
1533558253270,4.152590,0.000003,-7.366761,0.706975,0.013644,-0.013644,-0.706975,img_0_0_1533558254532683800.png
1533558253447,4.108262,0.000003,-7.366251,0.707019,0.011123,-0.011123,-0.707019,img_0_0_1533558254662030500.png
1533558253585,4.080580,0.000003,-7.366422,0.707046,0.009301,-0.009301,-0.707046,img_0_0_1533558254799122800.png
1533558253672,4.065733,0.000003,-7.366725,0.707059,0.008266,-0.008266,-0.707058,img_0_0_1533558254896458900.png
1533558253801,4.046879,0.000003,-7.367395,0.707073,0.006909,-0.006909,-0.707073,img_0_0_1533558255039998300.png
1533558253948,4.029283,0.000003,-7.368401,0.707085,0.005607,-0.005607,-0.707084,img_0_0_1533558255183316600.png
1533558254023,4.021657,0.000003,-7.368987,0.707089,0.005035,-0.005035,-0.707089,img_0_0_1533558255270013000.png
1533558254164,4.009395,0.000003,-7.370177,0.707095,0.004107,-0.004107,-0.707095,img_0_0_1533558255392878100.png
1533558254248,4.003203,0.000003,-7.370922,0.707098,0.003538,-0.003538,-0.707098,img_0_0_1533558255495284800.png
1533558254386,3.992005,0.000003,-7.376659,0.706820,-0.020124,0.020124,-0.706820,img_0_0_1533558255617217600.png
1533558254440,3.985206,0.000003,-7.381279,0.706674,-0.024729,0.024729,-0.706674,img_0_0_1533558255714637900.png
1533558254557,3.963003,0.000003,-7.395697,0.706449,-0.030492,0.030492,-0.706449,img_0_0_1533558255816414000.png
1533558254674,3.928826,0.000003,-7.415983,0.706331,-0.033118,0.033118,-0.706331,img_0_0_1533558255929635800.png
1533558254791,3.881570,0.000003,-7.441975,0.706280,-0.034188,0.034188,-0.706280,img_0_0_1533558256037359800.png
1533558254881,3.838507,0.000003,-7.446640,0.707047,-0.009186,0.009186,-0.707047,img_0_0_1533558256142776400.png
1533558255010,3.774312,0.000003,-7.434266,0.707066,0.007615,-0.007615,-0.707066,img_0_0_1533558256254947200.png
1533558255094,3.733896,0.000003,-7.427988,0.706994,0.012625,-0.012625,-0.706994,img_0_0_1533558256349056300.png
1533558255217,3.679352,0.000003,-7.422285,0.706936,0.015547,-0.015547,-0.706936,img_0_0_1533558256461276800.png
1533558255322,3.637960,0.000003,-7.419511,0.706932,0.015736,-0.015736,-0.706932,img_0_0_1533558256571081000.png
1533558255451,3.593730,0.000003,-7.417571,0.706955,0.014631,-0.014631,-0.706955,img_0_0_1533558256694968900.png
1533558255547,3.565271,0.000003,-7.416773,0.706980,0.013399,-0.013399,-0.706980,img_0_0_1533558256796742300.png
1533558255640,3.540999,0.000003,-7.416364,0.707003,0.012106,-0.012106,-0.707003,img_0_0_1533558256899203900.png
1533558255745,3.517101,0.000003,-7.416231,0.707026,0.010661,-0.010661,-0.707026,img_0_0_1533558256985493600.png
1533558255865,3.493789,0.000003,-7.416419,0.707048,0.009122,-0.009122,-0.707048,img_0_0_1533558257135278100.png
1533558255952,3.479220,0.000003,-7.416738,0.707060,0.008109,-0.008109,-0.707060,img_0_0_1533558257227946900.png
1533558256102,3.458019,0.000003,-7.417569,0.707076,0.006581,-0.006581,-0.707076,img_0_0_1533558257361628200.png
1533558256189,3.447677,0.000003,-7.418177,0.707083,0.005817,-0.005817,-0.707083,img_0_0_1533558257464172700.png
1533558256309,3.435399,0.000003,-7.419125,0.707090,0.004898,-0.004898,-0.707090,img_0_0_1533558257572909100.png
1533558256387,3.428498,0.000003,-7.419792,0.707093,0.004377,-0.004377,-0.707093,img_0_0_1533558257666468700.png
1533558256516,3.418674,0.000003,-7.420945,0.707098,0.003630,-0.003630,-0.707097,img_0_0_1533558257771399700.png
1533558256582,3.414321,0.000003,-7.421551,0.707099,0.003298,-0.003298,-0.707099,img_0_0_1533558257874821800.png
1533558256717,3.404540,0.000003,-7.426736,0.706845,-0.019232,0.019232,-0.706845,img_0_0_1533558257983272100.png
1533558256771,3.398373,0.000003,-7.431148,0.706693,-0.024176,0.024176,-0.706693,img_0_0_1533558258063236500.png
1533558256912,3.372027,0.000003,-7.448732,0.706427,-0.031003,0.031003,-0.706427,img_0_0_1533558258163308200.png
1533558257008,3.344126,0.000003,-7.465576,0.706334,-0.033050,0.033050,-0.706334,img_0_0_1533558258265966600.png
1533558257140,3.291360,0.000003,-7.494721,0.706360,-0.032494,0.032494,-0.706360,img_0_0_1533558258397611800.png
1533558257242,3.242612,0.000002,-7.495686,0.707084,-0.005651,0.005651,-0.707084,img_0_0_1533558258531105400.png
1533558257362,3.183526,0.000002,-7.484029,0.707058,0.008344,-0.008344,-0.707058,img_0_0_1533558258642105100.png
1533558257488,3.124856,0.000002,-7.475817,0.706964,0.014234,-0.014234,-0.706963,img_0_0_1533558258752002300.png
1533558257590,3.081882,0.000002,-7.471980,0.706935,0.015602,-0.015602,-0.706935,img_0_0_1533558258857300100.png
1533558257707,3.038181,0.000002,-7.469384,0.706941,0.015314,-0.015314,-0.706941,img_0_0_1533558258977859900.png
1533558257803,3.006717,0.000002,-7.468125,0.706961,0.014353,-0.014353,-0.706961,img_0_0_1533558259067233300.png
1533558257896,2.979771,0.000002,-7.467394,0.706984,0.013155,-0.013155,-0.706984,img_0_0_1533558259170739000.png
1533558257995,2.954576,0.000002,-7.467000,0.707009,0.011790,-0.011790,-0.707008,img_0_0_1533558259267289500.png
1533558258121,2.927138,0.000002,-7.466934,0.707035,0.010093,-0.010093,-0.707035,img_0_0_1533558259392280200.png
1533558258223,2.908243,0.000002,-7.467161,0.707052,0.008827,-0.008827,-0.707052,img_0_0_1533558259499304500.png
1533558258334,2.890587,0.000002,-7.467636,0.707066,0.007587,-0.007587,-0.707066,img_0_0_1533558259615405700.png
1533558258424,2.878209,0.000002,-7.468160,0.707075,0.006691,-0.006691,-0.707075,img_0_0_1533558259699242100.png
1533558258529,2.865670,0.000002,-7.468894,0.707083,0.005767,-0.005767,-0.707083,img_0_0_1533558259818054700.png
1533558258625,2.855767,0.000002,-7.469653,0.707089,0.005026,-0.005026,-0.707089,img_0_0_1533558259896578500.png
1533558258715,2.847280,0.000002,-7.471654,0.707029,-0.010523,0.010523,-0.707028,img_0_0_1533558260007750800.png
1533558258811,2.835600,0.000002,-7.477854,0.706745,-0.022614,0.022614,-0.706745,img_0_0_1533558260088698300.png
1533558258931,2.812552,0.000002,-7.491405,0.706487,-0.029596,0.029596,-0.706487,img_0_0_1533558260214576000.png
1533558258994,2.794798,0.000002,-7.501019,0.706402,-0.031561,0.031561,-0.706402,img_0_0_1533558260314289400.png
1533558259132,2.745902,0.000002,-7.527936,0.706297,-0.033832,0.033832,-0.706297,img_0_0_1533558260418107200.png
1533558259204,2.712688,0.000002,-7.544131,0.706529,-0.028591,0.028591,-0.706528,img_0_0_1533558260501633300.png
1533558259330,2.648796,0.000002,-7.540169,0.707107,-0.000072,0.000072,-0.707107,img_0_0_1533558260619259900.png
1533558259417,2.604065,0.000002,-7.531840,0.707048,0.009087,-0.009087,-0.707048,img_0_0_1533558260696113500.png
1533558259516,2.555488,0.000002,-7.525153,0.706963,0.014250,-0.014250,-0.706963,img_0_0_1533558260809112800.png
1533558259609,2.513383,0.000002,-7.521227,0.706923,0.016106,-0.016106,-0.706923,img_0_0_1533558260894514200.png
1533558259726,2.465971,0.000002,-7.518284,0.706920,0.016235,-0.016235,-0.706920,img_0_0_1533558261019510800.png
1533558259834,2.427725,0.000002,-7.516721,0.706942,0.015253,-0.015253,-0.706942,img_0_0_1533558261119125100.png
1533558259942,2.394455,0.000002,-7.515824,0.706972,0.013826,-0.013826,-0.706972,img_0_0_1533558261240144700.png
1533558260029,2.370959,0.000002,-7.515437,0.706995,0.012573,-0.012573,-0.706995,img_0_0_1533558261333743200.png
1533558260179,2.336549,0.000002,-7.515290,0.707030,0.010458,-0.010458,-0.707029,img_0_0_1533558261476743500.png
1533558260272,2.318603,0.000002,-7.515463,0.707046,0.009253,-0.009253,-0.707046,img_0_0_1533558261569737300.png
1533558260395,2.298262,0.000002,-7.515940,0.707064,0.007822,-0.007822,-0.707063,img_0_0_1533558261687535500.png
1533558260446,2.290831,0.000002,-7.516206,0.707069,0.007286,-0.007286,-0.707069,img_0_0_1533558261773309200.png
1533558260581,2.273618,0.000002,-7.517065,0.707081,0.006020,-0.006020,-0.707081,img_0_0_1533558261888865700.png
1533558260671,2.263884,0.000002,-7.517735,0.707087,0.005293,-0.005293,-0.707087,img_0_0_1533558261963673500.png
1533558260788,2.252997,0.000002,-7.518691,0.707093,0.004471,-0.004471,-0.707093,img_0_0_1533558262078070600.png
1533558260875,2.246026,0.000002,-7.519442,0.707096,0.003941,-0.003941,-0.707096,img_0_0_1533558262174999800.png
1533558260959,2.240086,0.000002,-7.520186,0.707098,0.003488,-0.003488,-0.707098,img_0_0_1533558262276004300.png
1533558261049,2.234481,0.000002,-7.521010,0.707103,0.002299,-0.002299,-0.707103,img_0_0_1533558262368802700.png
1533558261175,2.225557,0.000002,-7.526254,0.706834,-0.019644,0.019644,-0.706834,img_0_0_1533558262482687800.png
1533558261283,2.211293,0.000002,-7.536498,0.706562,-0.027765,0.027765,-0.706561,img_0_0_1533558262585152100.png
1533558261385,2.189362,0.000002,-7.550853,0.706404,-0.031513,0.031513,-0.706404,img_0_0_1533558262692977200.png
1533558261481,2.160109,0.000001,-7.568405,0.706321,-0.033319,0.033319,-0.706321,img_0_0_1533558262781894300.png
1533558261595,2.113854,0.000001,-7.593929,0.706359,-0.032502,0.032502,-0.706359,img_0_0_1533558262911834700.png
1533558261694,2.066848,0.000001,-7.595158,0.707081,-0.006104,0.006104,-0.707080,img_0_0_1533558263022528300.png
1533558261823,2.003703,0.000001,-7.582719,0.707054,0.008676,-0.008676,-0.707053,img_0_0_1533558263138365500.png
1533558261925,1.956201,0.000001,-7.575897,0.706975,0.013666,-0.013666,-0.706975,img_0_0_1533558263262561400.png
1533558262054,1.901869,0.000001,-7.570889,0.706936,0.015551,-0.015551,-0.706936,img_0_0_1533558263381592800.png
1533558262117,1.877950,0.000001,-7.569375,0.706937,0.015502,-0.015502,-0.706937,img_0_0_1533558263473177400.png
1533558262270,1.826952,0.000001,-7.567161,0.706965,0.014142,-0.014142,-0.706965,img_0_0_1533558263584240800.png
1533558262330,1.809546,0.000001,-7.566677,0.706980,0.013376,-0.013376,-0.706980,img_0_0_1533558263671709600.png
1533558262492,1.769045,0.000001,-7.566083,0.707019,0.011162,-0.011162,-0.707019,img_0_0_1533558263811543600.png
1533558262582,1.750191,0.000001,-7.566097,0.707037,0.009971,-0.009971,-0.707036,img_0_0_1533558263905700900.png
1533558262699,1.729018,0.000001,-7.566397,0.707055,0.008543,-0.008543,-0.707055,img_0_0_1533558264016329900.png
1533558262804,1.712818,0.000001,-7.566883,0.707068,0.007398,-0.007398,-0.707068,img_0_0_1533558264128228200.png
1533558262942,1.694944,0.000001,-7.567761,0.707081,0.006095,-0.006095,-0.707080,img_0_0_1533558264261732300.png
1533558263023,1.686005,0.000001,-7.568373,0.707086,0.005430,-0.005430,-0.707086,img_0_0_1533558264352326800.png
1533558263128,1.675882,0.000001,-7.569241,0.707091,0.004670,-0.004670,-0.707091,img_0_0_1533558264475639500.png
1533558263209,1.669066,0.000001,-7.569952,0.707095,0.004154,-0.004154,-0.707095,img_0_0_1533558264565078000.png
1533558263332,1.659076,0.000001,-7.573541,0.706920,-0.016265,0.016265,-0.706920,img_0_0_1533558264673155100.png
1533558263413,1.649441,0.000001,-7.579650,0.706701,-0.023955,0.023955,-0.706701,img_0_0_1533558264754735500.png
1533558263533,1.626641,0.000001,-7.594055,0.706460,-0.030243,0.030243,-0.706460,img_0_0_1533558264859333300.png
1533558263617,1.603348,0.000001,-7.607827,0.706363,-0.032433,0.032433,-0.706363,img_0_0_1533558264956714600.png
1533558263722,1.564905,0.000001,-7.629213,0.706294,-0.033894,0.033894,-0.706294,img_0_0_1533558265055826800.png
1533558263800,1.529584,0.000001,-7.645967,0.706694,-0.024162,0.024162,-0.706694,img_0_0_1533558265138619200.png
1533558263920,1.470078,0.000001,-7.640538,0.707107,0.000071,-0.000071,-0.707107,img_0_0_1533558265246168400.png
1533558263974,1.442848,0.000001,-7.635157,0.707080,0.006137,-0.006137,-0.707080,img_0_0_1533558265340837200.png
1533558264115,1.374878,0.000001,-7.625089,0.706964,0.014201,-0.014201,-0.706964,img_0_0_1533558265444519800.png
1533558264211,1.332902,0.000001,-7.621215,0.706930,0.015829,-0.015829,-0.706930,img_0_0_1533558265542106000.png
1533558264331,1.286184,0.000001,-7.618351,0.706931,0.015756,-0.015756,-0.706931,img_0_0_1533558265671322500.png
1533558264403,1.261221,0.000001,-7.617284,0.706945,0.015119,-0.015119,-0.706945,img_0_0_1533558265761013200.png
1533558264523,1.224433,0.000001,-7.616190,0.706976,0.013615,-0.013615,-0.706976,img_0_0_1533558265869444100.png
1533558264580,1.208921,0.000001,-7.615892,0.706991,0.012819,-0.012819,-0.706991,img_0_0_1533558265958852700.png
1533558264739,1.171576,0.000001,-7.615612,0.707027,0.010602,-0.010602,-0.707027,img_0_0_1533558266085045300.png
1533558264811,1.157224,0.000001,-7.615701,0.707041,0.009659,-0.009659,-0.707041,img_0_0_1533558266166986600.png
1533558264934,1.135874,0.000001,-7.616099,0.707059,0.008187,-0.008187,-0.707059,img_0_0_1533558266281516300.png
1533558265075,1.115630,0.000001,-7.616858,0.707075,0.006729,-0.006729,-0.707075,img_0_0_1533558266421196000.png
1533558265147,1.106782,0.000001,-7.617342,0.707081,0.006077,-0.006077,-0.707081,img_0_0_1533558266504616200.png
1533558265279,1.092783,0.000001,-7.618353,0.707089,0.005031,-0.005031,-0.707089,img_0_0_1533558266634413800.png
1533558265336,1.087523,0.000001,-7.618827,0.707092,0.004634,-0.004634,-0.707092,img_0_0_1533558266715143900.png
1533558265453,1.078005,0.000001,-7.619849,0.707096,0.003912,-0.003912,-0.707096,img_0_0_1533558266818596200.png
1533558265579,1.069046,0.000001,-7.622235,0.707016,-0.011313,0.011313,-0.707016,img_0_0_1533558266924302100.png
1533558265654,1.061975,0.000001,-7.626766,0.706790,-0.021164,0.021164,-0.706790,img_0_0_1533558267036417100.png
1533558265756,1.046779,0.000001,-7.636991,0.706548,-0.028102,0.028102,-0.706548,img_0_0_1533558267133710600.png
1533558265885,1.015424,0.000001,-7.656395,0.706370,-0.032284,0.032284,-0.706369,img_0_0_1533558267249171500.png
1533558265960,0.990165,0.000001,-7.670917,0.706314,-0.033486,0.033486,-0.706313,img_0_0_1533558267334334200.png
1533558266089,0.934351,0.000001,-7.697145,0.706831,-0.019761,0.019761,-0.706831,img_0_0_1533558267451260700.png
1533558266176,0.891755,0.000001,-7.692860,0.707098,-0.003502,0.003502,-0.707098,img_0_0_1533558267544278000.png
1533558266296,0.832247,0.000001,-7.681427,0.707043,0.009527,-0.009527,-0.707043,img_0_0_1533558267663860300.png
1533558266356,0.803654,0.000001,-7.677232,0.706992,0.012740,-0.012740,-0.706992,img_0_0_1533558267765027900.png
1533558266494,0.743097,0.000001,-7.671128,0.706933,0.015681,-0.015681,-0.706933,img_0_0_1533558267873167000.png
1533558266590,0.705846,0.000001,-7.668756,0.706933,0.015687,-0.015687,-0.706933,img_0_0_1533558267962371900.png
1533558266698,0.668769,0.000001,-7.667127,0.706953,0.014762,-0.014762,-0.706953,img_0_0_1533558268072673000.png
1533558266794,0.639867,0.000001,-7.666274,0.706977,0.013556,-0.013556,-0.706977,img_0_0_1533558268165983900.png
1533558266899,0.612247,0.000001,-7.665788,0.707003,0.012101,-0.012101,-0.707003,img_0_0_1533558268270565200.png
1533558266980,0.593513,0.000001,-7.665659,0.707022,0.010980,-0.010980,-0.707021,img_0_0_1533558268373992400.png
1533558267130,0.563994,0.000001,-7.665862,0.707049,0.009045,-0.009045,-0.707049,img_0_0_1533558268494674600.png
1533558267229,0.547703,0.000001,-7.666247,0.707063,0.007908,-0.007908,-0.707063,img_0_0_1533558268603341800.png
1533558267364,0.528924,0.000001,-7.667017,0.707076,0.006551,-0.006551,-0.707076,img_0_0_1533558268746011100.png
1533558267457,0.517969,0.000001,-7.667673,0.707084,0.005741,-0.005741,-0.707083,img_0_0_1533558268837494500.png
1533558267574,0.506135,0.000001,-7.668605,0.707090,0.004854,-0.004854,-0.707090,img_0_0_1533558268962691300.png
1533558267655,0.499048,0.000001,-7.669327,0.707101,0.002913,-0.002913,-0.707101,img_0_0_1533558269052597200.png
1533558267784,0.486787,0.000001,-7.674930,0.706829,-0.019834,0.019834,-0.706829,img_0_0_1533558269170122700.png
1533558267874,0.473247,0.000001,-7.683331,0.706595,-0.026896,0.026896,-0.706595,img_0_0_1533558269261803100.png
1533558267976,0.450326,0.000001,-7.697143,0.706425,-0.031056,0.031056,-0.706424,img_0_0_1533558269380821700.png
1533558268084,0.415909,0.000001,-7.716599,0.706325,-0.033251,0.033251,-0.706325,img_0_0_1533558269471808400.png
1533558268195,0.368881,0.000001,-7.741497,0.706323,-0.033276,0.033276,-0.706323,img_0_0_1533558269593666500.png
1533558268324,0.304823,0.000001,-7.740672,0.707105,-0.001779,0.001779,-0.707105,img_0_0_1533558269701161000.png
1533558268420,0.256124,0.000001,-7.731402,0.707052,0.008847,-0.008847,-0.707051,img_0_0_1533558269821050700.png
1533558268504,0.215235,0.000001,-7.725498,0.706979,0.013460,-0.013460,-0.706979,img_0_0_1533558269903768600.png
1533558268630,0.159030,0.000001,-7.720111,0.706926,0.016010,-0.016010,-0.706926,img_0_0_1533558270042951400.png
1533558268750,0.112079,0.000001,-7.717323,0.706928,0.015881,-0.015881,-0.706928,img_0_0_1533558270151764800.png
1533558268867,0.072458,0.000001,-7.715802,0.706954,0.014689,-0.014689,-0.706953,img_0_0_1533558270271890100.png
1533558268921,0.056102,0.000001,-7.715357,0.706969,0.013980,-0.013980,-0.706969,img_0_0_1533558270364238800.png
1533558269062,0.018619,0.000001,-7.714735,0.707005,0.011986,-0.011986,-0.707005,img_0_0_1533558270463359200.png
1533558269134,0.002120,0.000001,-7.714655,0.707022,0.010977,-0.010977,-0.707022,img_0_0_1533558270548353800.png
1533558269257,-0.022462,0.000001,-7.714810,0.707045,0.009360,-0.009360,-0.707045,img_0_0_1533558270667211100.png
1533558269353,-0.038861,0.000001,-7.715142,0.707059,0.008220,-0.008220,-0.707059,img_0_0_1533558270752822100.png
1533558269452,-0.053558,0.000001,-7.715641,0.707071,0.007166,-0.007166,-0.707070,img_0_0_1533558270859172800.png
1533558269524,-0.062998,0.000001,-7.716087,0.707077,0.006475,-0.006475,-0.707077,img_0_0_1533558270935265200.png
1533558269653,-0.077627,0.000001,-7.717020,0.707086,0.005388,-0.005388,-0.707086,img_0_0_1533558271056565200.png
1533558269743,-0.086322,0.000001,-7.717747,0.707091,0.004733,-0.004733,-0.707091,img_0_0_1533558271152107600.png
1533558269875,-0.099308,0.000001,-7.722795,0.706861,-0.018628,0.018628,-0.706861,img_0_0_1533558271287582600.png
1533558269953,-0.110677,0.000001,-7.729528,0.706645,-0.025550,0.025550,-0.706645,img_0_0_1533558271375544300.png
1533558270082,-0.139576,0.000001,-7.746531,0.706419,-0.031189,0.031189,-0.706419,img_0_0_1533558271491373900.png
1533558270118,-0.150224,0.000001,-7.752551,0.706379,-0.032068,0.032068,-0.706379,img_0_0_1533558271576723300.png
1533558270295,-0.220479,0.000001,-7.789864,0.706324,-0.033263,0.033263,-0.706324,img_0_0_1533558271699608700.png
1533558270373,-0.259065,0.000001,-7.793562,0.707030,-0.010435,0.010435,-0.707030,img_0_0_1533558271786461300.png
1533558270481,-0.314503,0.000001,-7.783265,0.707086,0.005490,-0.005490,-0.707085,img_0_0_1533558271899638800.png
1533558270538,-0.343350,0.000001,-7.778306,0.707033,0.010236,-0.010236,-0.707033,img_0_0_1533558271974872700.png
1533558270667,-0.404770,0.000001,-7.770793,0.706940,0.015381,-0.015381,-0.706939,img_0_0_1533558272080918300.png
1533558270760,-0.444702,0.000001,-7.767693,0.706919,0.016292,-0.016292,-0.706919,img_0_0_1533558272164009400.png
1533558270871,-0.487197,0.000001,-7.765446,0.706929,0.015858,-0.015858,-0.706929,img_0_0_1533558272274698200.png
1533558270946,-0.512794,0.000001,-7.764488,0.706946,0.015074,-0.015074,-0.706946,img_0_0_1533558272373665300.png
1533558271069,-0.549705,0.000001,-7.763549,0.706979,0.013422,-0.013422,-0.706979,img_0_0_1533558272482720800.png
1533558271165,-0.574530,0.000001,-7.763213,0.707004,0.012041,-0.012041,-0.707004,img_0_0_1533558272574686000.png
1533558271270,-0.598139,0.000001,-7.763146,0.707028,0.010573,-0.010573,-0.707028,img_0_0_1533558272687022600.png
1533558271369,-0.617405,0.000001,-7.763317,0.707046,0.009286,-0.009286,-0.707046,img_0_0_1533558272782018900.png
1533558271492,-0.637834,0.000001,-7.763787,0.707063,0.007853,-0.007853,-0.707063,img_0_0_1533558272903794000.png
1533558271552,-0.646558,0.000001,-7.764101,0.707070,0.007223,-0.007223,-0.707070,img_0_0_1533558273001286800.png
1533558271702,-0.665318,0.000001,-7.765080,0.707083,0.005842,-0.005842,-0.707083,img_0_0_1533558273114435800.png
1533558271786,-0.674167,0.000001,-7.765721,0.707088,0.005179,-0.005179,-0.707088,img_0_0_1533558273208060200.png
1533558271888,-0.683552,0.000001,-7.766560,0.707093,0.004471,-0.004471,-0.707093,img_0_0_1533558273316430100.png
1533558271939,-0.687746,0.000001,-7.766999,0.707095,0.004152,-0.004152,-0.707095,img_0_0_1533558273394173400.png
1533558272092,-0.698605,0.000001,-7.768359,0.707099,0.003325,-0.003325,-0.707099,img_0_0_1533558273513278100.png
1533558272182,-0.703946,0.000001,-7.769174,0.707101,0.002916,-0.002916,-0.707101,img_0_0_1533558273600104600.png
1533558272290,-0.709492,0.000001,-7.770144,0.707102,0.002491,-0.002491,-0.707102,img_0_0_1533558273722897900.png
1533558272389,-0.713860,0.000001,-7.771018,0.707104,0.002155,-0.002155,-0.707103,img_0_0_1533558273807593000.png
1533558272524,-0.718883,0.000001,-7.772171,0.707105,0.001769,-0.001769,-0.707105,img_0_0_1533558273939126800.png
1533558272617,-0.721808,0.000001,-7.772932,0.707105,0.001544,-0.001544,-0.707105,img_0_0_1533558274044511000.png
1533558272743,-0.725187,0.000001,-7.773913,0.707106,0.001284,-0.001284,-0.707106,img_0_0_1533558274164298600.png
1533558272875,-0.728118,0.000001,-7.774873,0.707106,0.001058,-0.001058,-0.707106,img_0_0_1533558274295928800.png
1533558273010,-0.730584,0.000001,-7.775783,0.707106,0.000868,-0.000868,-0.707106,img_0_0_1533558274463880900.png
1533558273124,-0.732318,0.000001,-7.776493,0.707106,0.000735,-0.000735,-0.707106,img_0_0_1533558274582609000.png
1533558273169,-0.732927,0.000001,-7.776759,0.707107,0.000688,-0.000688,-0.707106,img_0_0_1533558274660721100.png
1533558273319,-0.734690,0.000001,-7.777586,0.707107,0.000552,-0.000552,-0.707107,img_0_0_1533558274785553700.png
1533558273373,-0.735235,0.000001,-7.777863,0.707107,0.000510,-0.000510,-0.707107,img_0_0_1533558274867366000.png
